#{"t_start": 1744979297.9210398, "env_id": "None"}
r,l,t
0.0,1,2.408089
0.0,1,2.439029
0.0,1,2.468529
0.0,1,2.500524
0.0,1,2.528506
0.0,1,2.555539
0.0,1,2.583512
0.0,1,2.609507
0.0,1,2.63853
0.0,1,2.667507
0.0,1,2.69852
0.0,1,2.727505
0.0,1,2.754504
0.0,1,2.780506
0.0,1,2.806507
0.0,1,2.834506
0.0,1,2.863542
0.0,1,2.890541
0.0,1,2.919509
0.0,1,2.949506
0.0,1,2.980511
0.0,1,3.006509
0.0,1,3.035532
0.0,1,3.066507
0.0,1,3.092519
0.0,1,3.121532
0.0,1,3.201509
0.0,1,3.23151
0.0,1,3.257544
0.0,1,3.284533
0.0,1,3.319511
0.0,1,3.346532
0.0,1,3.373511
0.0,1,3.40151
0.0,1,3.434544
0.0,1,3.467513
0.0,1,3.497515
0.0,1,3.530512
0.0,1,3.562512
0.0,1,3.591512
0.0,1,3.63052
0.0,1,3.664512
0.0,1,3.701549
0.0,1,3.732511
0.0,1,3.765513
0.0,1,3.794513
0.0,1,3.832529
0.0,1,3.870512
0.0,1,3.904518
0.0,1,3.937515
0.0,1,3.975515
0.0,1,4.003515
0.0,1,4.030517
0.0,1,4.058513
0.0,1,4.090553
0.0,1,4.119514
0.0,1,4.14952
0.0,1,4.178515
0.0,1,4.210519
0.0,1,4.239521
0.0,1,4.273539
0.0,1,4.306544
0.0,1,4.337517
0.0,1,4.370514
0.0,1,4.43752
0.0,1,4.48153
0.0,1,4.511516
0.0,1,4.539516
0.0,1,4.569544
0.0,1,4.598542
0.0,1,4.63155
0.0,1,4.668519
0.0,1,4.69652
0.0,1,4.723516
0.0,1,4.752518
0.0,1,4.784554
0.0,1,4.814518
0.0,1,4.843521
0.0,1,4.872518
0.0,1,4.905518
0.0,1,4.942521
0.0,1,4.971523
0.0,1,5.001548
0.0,1,5.031525
0.0,1,5.05952
0.0,1,5.087521
0.0,1,5.119522
0.0,1,5.148522
0.0,1,5.177546
0.0,1,5.212539
0.0,1,5.246521
0.0,1,5.273525
0.0,1,5.303521
0.0,1,5.336523
0.0,1,5.364525
0.0,1,5.393525
0.0,1,5.421521
0.0,1,5.451522
0.0,1,5.479524
0.0,1,5.507552
0.0,1,5.543522
0.0,1,5.571556
0.0,1,5.598522
0.0,1,5.625522
0.0,1,5.656523
0.0,1,5.684539
0.0,1,5.712533
0.0,1,5.738548
0.0,1,5.769528
0.0,1,5.799528
0.0,1,5.831531
0.0,1,5.858528
0.0,1,5.893528
0.0,1,5.920553
0.0,1,5.947527
0.0,1,5.974526
0.0,1,6.003526
0.0,1,6.030551
0.0,1,6.057525
0.0,1,6.085526
0.0,1,6.120525
0.0,1,6.193529
0.0,1,6.231526
0.0,1,6.258529
0.0,1,6.287542
0.0,1,6.316562
0.0,1,6.345532
0.0,1,6.371526
0.0,1,6.398563
0.0,1,6.43253
0.0,1,6.469565
0.0,1,6.503529
0.0,1,6.537531
0.0,1,6.566541
0.0,1,6.599528
0.0,1,6.636528
0.0,1,6.671528
0.0,1,6.707534
0.0,1,6.740536
0.0,1,6.77953
0.0,1,6.817529
0.0,1,6.85253
0.0,1,6.889576
0.0,1,6.918531
0.0,1,6.951544
0.0,1,6.986532
0.0,1,7.023533
0.0,1,7.05953
0.0,1,7.093548
0.0,1,7.125535
0.0,1,7.159532
0.0,1,7.197533
0.0,1,7.236532
0.0,1,7.266533
0.0,1,7.294533
0.0,1,7.326533
0.0,1,7.362534
0.0,1,7.39857
0.0,1,7.430535
0.0,1,7.457535
0.0,1,7.491536
0.0,1,7.524538
0.0,1,7.569535
0.0,1,7.614551
0.0,1,7.658537
0.0,1,7.701535
0.0,1,7.741542
0.0,1,7.773556
0.0,1,7.805538
0.0,1,7.84454
0.0,1,7.888538
0.0,1,7.962563
0.0,1,8.00654
0.0,1,8.035537
0.0,1,8.065539
0.0,1,8.097537
0.0,1,8.124537
0.0,1,8.15254
0.0,1,8.178543
0.0,1,8.208575
0.0,1,8.244543
0.0,1,8.272544
0.0,1,8.300538
0.0,1,8.330575
0.0,1,8.362573
0.0,1,8.390544
0.0,1,8.419539
0.0,1,8.447563
0.0,1,8.475564
0.0,1,8.502539
0.0,1,8.539549
0.0,1,8.567571
0.0,1,8.598539
0.0,1,8.62954
0.0,1,8.661541
0.0,1,8.690577
0.0,1,8.718545
0.0,1,8.75054
0.0,1,8.779561
0.0,1,8.806566
0.0,1,8.840564
0.0,1,8.870545
0.0,1,8.903544
0.0,1,8.932556
0.0,1,8.961548
0.0,1,8.997543
0.0,1,9.026543
0.0,1,9.053544
0.0,1,9.08255
0.0,1,9.112569
0.0,1,9.143544
0.0,1,9.172548
0.0,1,9.201578
0.0,1,9.231561
0.0,1,9.259548
0.0,1,9.287547
0.0,1,9.318545
0.0,1,9.348544
0.0,1,9.378546
0.0,1,9.408547
0.0,1,9.44358
0.0,1,9.472549
0.0,1,9.500571
0.0,1,9.531545
0.0,1,9.559553
0.0,1,9.639549
0.0,1,9.673553
0.0,1,9.701547
0.0,1,9.732547
0.0,1,9.766547
0.0,1,9.800547
0.0,1,9.830547
0.0,1,9.862549
0.0,1,9.89155
0.0,1,9.918547
0.0,1,9.947549
0.0,1,9.98056
0.0,1,10.012569
0.0,1,10.04157
0.0,1,10.075583
0.0,1,10.111552
0.0,1,10.14355
0.0,1,10.174549
0.0,1,10.20755
0.0,1,10.236553
0.0,1,10.266576
0.0,1,10.306551
0.0,1,10.33957
0.0,1,10.366571
0.0,1,10.39655
0.0,1,10.435553
0.0,1,10.465572
0.0,1,10.493551
0.0,1,10.522553
0.0,1,10.549551
0.0,1,10.577576
0.0,1,10.608579
0.0,1,10.639552
0.0,1,10.666579
0.0,1,10.694578
0.0,1,10.731559
0.0,1,10.761569
0.0,1,10.789582
0.0,1,10.81659
0.0,1,10.848555
0.0,1,10.877555
0.0,1,10.910575
0.0,1,10.939556
0.0,1,10.974554
0.0,1,11.001558
0.0,1,11.033554
0.0,1,11.061579
0.0,1,11.093594
0.0,1,11.123569
0.0,1,11.153579
0.0,1,11.184555
0.0,1,11.25356
0.0,1,11.294575
0.0,1,11.324558
0.0,1,11.352576
0.0,1,11.38456
0.0,1,11.414556
0.0,1,11.442556
0.0,1,11.469573
0.0,1,11.496556
0.0,1,11.527559
0.0,1,11.555588
0.0,1,11.582558
0.0,1,11.609586
0.0,1,11.641557
0.0,1,11.67456
0.0,1,11.708559
0.0,1,11.743558
0.0,1,11.772559
0.0,1,11.798584
0.0,1,11.827558
0.0,1,11.857584
0.0,1,11.88956
0.0,1,11.916562
0.0,1,11.945575
0.0,1,11.98256
0.0,1,12.011585
0.0,1,12.038562
0.0,1,12.068564
0.0,1,12.097563
0.0,1,12.125561
0.0,1,12.153561
0.0,1,12.182562
0.0,1,12.210561
0.0,1,12.237566
0.0,1,12.268563
0.0,1,12.298596
0.0,1,12.326564
0.0,1,12.352566
0.0,1,12.381562
0.0,1,12.414565
0.0,1,12.444562
0.0,1,12.473562
0.0,1,12.500564
0.0,1,12.531582
0.0,1,12.563563
0.0,1,12.593565
0.0,1,12.624568
0.0,1,12.651571
0.0,1,12.678563
0.0,1,12.704592
0.0,1,12.781565
0.0,1,12.811565
0.0,1,12.839567
0.0,1,12.871566
0.0,1,12.903566
0.0,1,12.930591
0.0,1,12.963565
0.0,1,12.995569
0.0,1,13.02559
0.0,1,13.0546
0.0,1,13.085576
0.0,1,13.112592
0.0,1,13.142567
0.0,1,13.173598
0.0,1,13.209569
0.0,1,13.240581
0.0,1,13.270567
0.0,1,13.298568
0.0,1,13.324594
0.0,1,13.34957
0.0,1,13.37457
0.0,1,13.400588
0.0,1,13.427596
0.0,1,13.453593
0.0,1,13.486597
0.0,1,13.51457
0.0,1,13.539568
0.0,1,13.563595
0.0,1,13.588595
0.0,1,13.613569
0.0,1,13.642595
0.0,1,13.66757
0.0,1,13.692571
0.0,1,13.716596
0.0,1,13.749573
0.0,1,13.775572
0.0,1,13.802595
0.0,1,13.833575
0.0,1,13.867576
0.0,1,13.894596
0.0,1,13.927574
0.0,1,13.961577
0.0,1,13.991574
0.0,1,14.021597
0.0,1,14.056598
0.0,1,14.089611
0.0,1,14.119572
0.0,1,14.146603
0.0,1,14.175573
0.0,1,14.205599
0.0,1,14.234573
0.0,1,14.263588
0.0,1,14.296573
0.0,1,14.325576
0.0,1,14.416574
0.0,1,14.446573
0.0,1,14.474598
0.0,1,14.502578
0.0,1,14.53559
0.0,1,14.565578
0.0,1,14.594575
0.0,1,14.623599
0.0,1,14.655577
0.0,1,14.685578
0.0,1,14.714579
0.0,1,14.742604
0.0,1,14.772576
0.0,1,14.800577
0.0,1,14.826576
0.0,1,14.852596
0.0,1,14.88059
0.0,1,14.907579
0.0,1,14.932602
0.0,1,14.95858
0.0,1,14.991581
0.0,1,15.017586
0.0,1,15.046578
0.0,1,15.075583
0.0,1,15.107578
0.0,1,15.135578
0.0,1,15.162578
0.0,1,15.189579
0.0,1,15.219579
0.0,1,15.245599
0.0,1,15.277579
0.0,1,15.307606
0.0,1,15.335589
0.0,1,15.363582
0.0,1,15.394579
0.0,1,15.428584
0.0,1,15.46058
0.0,1,15.490606
0.0,1,15.521615
0.0,1,15.55858
0.0,1,15.594607
0.0,1,15.626582
0.0,1,15.659584
0.0,1,15.687582
0.0,1,15.717584
0.0,1,15.753584
0.0,1,15.779623
0.0,1,15.80659
0.0,1,15.834583
0.0,1,15.863582
0.0,1,15.895605
0.0,1,15.964588
0.0,1,16.008588
0.0,1,16.036584
0.0,1,16.064584
0.0,1,16.095585
0.0,1,16.12261
0.0,1,16.150589
0.0,1,16.176611
0.0,1,16.209588
0.0,1,16.24461
0.0,1,16.279585
0.0,1,16.31062
0.0,1,16.339589
0.0,1,16.366591
0.0,1,16.394587
0.0,1,16.425586
0.0,1,16.453605
0.0,1,16.483586
0.0,1,16.512587
0.0,1,16.546592
0.0,1,16.573621
0.0,1,16.60259
0.0,1,16.629591
0.0,1,16.658593
0.0,1,16.687591
0.0,1,16.71461
0.0,1,16.74462
0.0,1,16.776587
0.0,1,16.804623
0.0,1,16.837588
0.0,1,16.867598
0.0,1,16.895613
0.0,1,16.92561
0.0,1,16.954589
0.0,1,16.985642
0.0,1,17.01359
0.0,1,17.040617
0.0,1,17.068601
0.0,1,17.09959
0.0,1,17.13259
0.0,1,17.160592
0.0,1,17.189595
0.0,1,17.216595
0.0,1,17.243618
0.0,1,17.273609
0.0,1,17.309591
0.0,1,17.342595
0.0,1,17.371616
0.0,1,17.399593
0.0,1,17.433595
0.0,1,17.461596
0.0,1,17.492595
0.0,1,17.52462
0.0,1,17.553599
0.0,1,17.633596
0.0,1,17.689593
0.0,1,17.716596
0.0,1,17.749593
0.0,1,17.776596
0.0,1,17.808595
0.0,1,17.836596
0.0,1,17.869594
0.0,1,17.898629
0.0,1,17.928612
0.0,1,17.962596
0.0,1,17.99063
0.0,1,18.020601
0.0,1,18.04963
0.0,1,18.083612
0.0,1,18.116598
0.0,1,18.144596
0.0,1,18.173599
0.0,1,18.204634
0.0,1,18.235601
0.0,1,18.264623
0.0,1,18.296597
0.0,1,18.325599
0.0,1,18.354616
0.0,1,18.384603
0.0,1,18.418604
0.0,1,18.447598
0.0,1,18.475615
0.0,1,18.503598
0.0,1,18.534599
0.0,1,18.564603
0.0,1,18.592598
0.0,1,18.623634
0.0,1,18.657603
0.0,1,18.686599
0.0,1,18.720636
0.0,1,18.7536
0.0,1,18.783602
0.0,1,18.812624
0.0,1,18.840626
0.0,1,18.874604
0.0,1,18.903601
0.0,1,18.932604
0.0,1,18.963604
0.0,1,18.992628
0.0,1,19.024629
0.0,1,19.053606
0.0,1,19.084616
0.0,1,19.11263
0.0,1,19.139606
0.0,1,19.167614
0.0,1,19.198604
0.0,1,19.225602
0.0,1,19.254603
0.0,1,19.282604
0.0,1,19.320628
0.0,1,19.355628
0.0,1,19.433605
0.0,1,19.471637
0.0,1,19.503604
0.0,1,19.533603
0.0,1,19.564605
0.0,1,19.591605
0.0,1,19.620625
0.0,1,19.650606
0.0,1,19.686612
0.0,1,19.712607
0.0,1,19.741608
0.0,1,19.77064
0.0,1,19.800619
0.0,1,19.827612
0.0,1,19.855606
0.0,1,19.885611
0.0,1,19.91561
0.0,1,19.944614
0.0,1,19.975623
0.0,1,20.011608
0.0,1,20.041607
0.0,1,20.077628
0.0,1,20.114643
0.0,1,20.145608
0.0,1,20.176625
0.0,1,20.204608
0.0,1,20.234608
0.0,1,20.262613
0.0,1,20.295611
0.0,1,20.328616
0.0,1,20.35663
0.0,1,20.387608
0.0,1,20.418636
0.0,1,20.451609
0.0,1,20.48061
0.0,1,20.506609
0.0,1,20.536644
0.0,1,20.56561
0.0,1,20.597623
0.0,1,20.62361
0.0,1,20.653636
0.0,1,20.683611
0.0,1,20.713612
0.0,1,20.743643
0.0,1,20.774613
0.0,1,20.804612
0.0,1,20.834615
0.0,1,20.863612
0.0,1,20.902617
0.0,1,20.932612
0.0,1,20.962613
0.0,1,20.991614
0.0,1,21.054615
0.0,1,21.107631
0.0,1,21.138614
0.0,1,21.169614
0.0,1,21.199615
0.0,1,21.23162
0.0,1,21.267622
0.0,1,21.297618
0.0,1,21.331615
0.0,1,21.358619
0.0,1,21.387619
0.0,1,21.415639
0.0,1,21.450619
0.0,1,21.47862
0.0,1,21.506616
0.0,1,21.541617
0.0,1,21.576625
0.0,1,21.606616
0.0,1,21.636652
0.0,1,21.670618
0.0,1,21.70462
0.0,1,21.736617
0.0,1,21.768651
0.0,1,21.79862
0.0,1,21.826644
0.0,1,21.854641
0.0,1,21.891631
0.0,1,21.920618
0.0,1,21.950625
0.0,1,21.98262
0.0,1,22.011623
0.0,1,22.040624
0.0,1,22.071624
0.0,1,22.103641
0.0,1,22.131654
0.0,1,22.161624
0.0,1,22.19462
0.0,1,22.223624
0.0,1,22.25362
0.0,1,22.284621
0.0,1,22.316621
0.0,1,22.346622
0.0,1,22.376645
0.0,1,22.40362
0.0,1,22.434646
0.0,1,22.464649
0.0,1,22.498646
0.0,1,22.527626
0.0,1,22.56063
0.0,1,22.590625
0.0,1,22.619624
0.0,1,22.651657
0.0,1,22.680657
0.0,1,22.709626
0.0,1,22.737637
0.0,1,22.821638
0.0,1,22.856627
0.0,1,22.885624
0.0,1,22.916625
0.0,1,22.945631
0.0,1,22.975635
0.0,1,23.006626
0.0,1,23.034628
0.0,1,23.062629
0.0,1,23.089626
0.0,1,23.119654
0.0,1,23.152628
0.0,1,23.181625
0.0,1,23.213629
0.0,1,23.248627
0.0,1,23.280655
0.0,1,23.312627
0.0,1,23.342651
0.0,1,23.371627
0.0,1,23.401628
0.0,1,23.430629
0.0,1,23.463658
0.0,1,23.494632
0.0,1,23.52163
0.0,1,23.55063
0.0,1,23.579628
0.0,1,23.606629
0.0,1,23.634633
0.0,1,23.664656
0.0,1,23.692634
0.0,1,23.718655
0.0,1,23.751629
0.0,1,23.782664
0.0,1,23.811631
0.0,1,23.839632
0.0,1,23.86663
0.0,1,23.89763
0.0,1,23.924636
0.0,1,23.951631
0.0,1,23.979633
0.0,1,24.009665
0.0,1,24.042631
0.0,1,24.070631
0.0,1,24.100634
0.0,1,24.131659
0.0,1,24.159634
0.0,1,24.185636
0.0,1,24.211657
0.0,1,24.241658
0.0,1,24.269656
0.0,1,24.298635
0.0,1,24.333667
0.0,1,24.361633
0.0,1,24.387636
0.0,1,24.453645
0.0,1,24.494635
0.0,1,24.523638
0.0,1,24.54966
0.0,1,24.580646
0.0,1,24.609636
0.0,1,24.636636
0.0,1,24.670636
0.0,1,24.702635
0.0,1,24.732663
0.0,1,24.763641
0.0,1,24.796635
0.0,1,24.826644
0.0,1,24.854638
0.0,1,24.883652
0.0,1,24.916646
0.0,1,24.944644
0.0,1,24.977642
0.0,1,25.006647
0.0,1,25.037639
0.0,1,25.066639
0.0,1,25.095638
0.0,1,25.12464
0.0,1,25.154639
0.0,1,25.182669
0.0,1,25.213639
0.0,1,25.246641
0.0,1,25.281644
0.0,1,25.312652
0.0,1,25.342639
0.0,1,25.373659
0.0,1,25.401639
0.0,1,25.43266
0.0,1,25.466639
0.0,1,25.498643
0.0,1,25.529643
0.0,1,25.561674
0.0,1,25.599665
0.0,1,25.63064
0.0,1,25.660678
0.0,1,25.692641
0.0,1,25.726673
0.0,1,25.75666
0.0,1,25.789643
0.0,1,25.819642
0.0,1,25.850642
0.0,1,25.878642
0.0,1,25.914666
0.0,1,25.945648
0.0,1,25.976651
0.0,1,26.008643
0.0,1,26.035667
0.0,1,26.115652
0.0,1,26.153647
0.0,1,26.181659
0.0,1,26.210644
0.0,1,26.241664
0.0,1,26.274655
0.0,1,26.304647
0.0,1,26.33568
0.0,1,26.365645
0.0,1,26.396645
0.0,1,26.426649
0.0,1,26.456645
0.0,1,26.486646
0.0,1,26.514648
0.0,1,26.543648
0.0,1,26.578681
0.0,1,26.607647
0.0,1,26.634671
0.0,1,26.662673
0.0,1,26.694647
0.0,1,26.721682
0.0,1,26.750647
0.0,1,26.781648
0.0,1,26.80967
0.0,1,26.836648
0.0,1,26.872648
0.0,1,26.907652
0.0,1,26.938661
0.0,1,26.970651
0.0,1,27.001649
0.0,1,27.031677
0.0,1,27.059651
0.0,1,27.086675
0.0,1,27.116649
0.0,1,27.145649
0.0,1,27.177652
0.0,1,27.205652
0.0,1,27.234648
0.0,1,27.26365
0.0,1,27.292651
0.0,1,27.321686
0.0,1,27.354652
0.0,1,27.385665
0.0,1,27.413676
0.0,1,27.443653
0.0,1,27.479651
0.0,1,27.508656
0.0,1,27.536659
0.0,1,27.567652
0.0,1,27.602661
0.0,1,27.631655
0.0,1,27.660652
0.0,1,27.690654
0.0,1,27.718654
0.0,1,27.793654
0.0,1,27.836654
0.0,1,27.865679
0.0,1,27.896654
0.0,1,27.928654
0.0,1,27.957677
0.0,1,27.987654
0.0,1,28.015681
0.0,1,28.047656
0.0,1,28.078655
0.0,1,28.107665
0.0,1,28.144656
0.0,1,28.174669
0.0,1,28.204693
0.0,1,28.235657
0.0,1,28.268659
0.0,1,28.297677
0.0,1,28.32767
0.0,1,28.358696
0.0,1,28.387656
0.0,1,28.415657
0.0,1,28.447659
0.0,1,28.477682
0.0,1,28.507675
0.0,1,28.534658
0.0,1,28.562692
0.0,1,28.594658
0.0,1,28.624659
0.0,1,28.651658
0.0,1,28.682693
0.0,1,28.713658
0.0,1,28.74566
0.0,1,28.771659
0.0,1,28.801676
0.0,1,28.83266
0.0,1,28.861659
0.0,1,28.890666
0.0,1,28.920689
0.0,1,28.948684
0.0,1,28.97766
0.0,1,29.006663
0.0,1,29.041682
0.0,1,29.068665
0.0,1,29.095661
0.0,1,29.122661
0.0,1,29.150662
0.0,1,29.176663
0.0,1,29.206661
0.0,1,29.231688
0.0,1,29.262663
0.0,1,29.304669
0.0,1,29.342665
0.0,1,29.379665
0.0,1,29.454671
0.0,1,29.492675
0.0,1,29.517664
0.0,1,29.544683
0.0,1,29.57669
0.0,1,29.604663
0.0,1,29.630677
0.0,1,29.658665
0.0,1,29.693664
0.0,1,29.721665
0.0,1,29.749665
0.0,1,29.777686
0.0,1,29.813668
0.0,1,29.84669
0.0,1,29.877665
0.0,1,29.911672
0.0,1,29.9447
0.0,1,29.972671
0.0,1,30.012666
0.0,1,30.043675
0.0,1,30.071668
0.0,1,30.099667
0.0,1,30.131666
0.0,1,30.163669
0.0,1,30.194667
0.0,1,30.224668
0.0,1,30.257667
0.0,1,30.288669
0.0,1,30.321671
0.0,1,30.35269
0.0,1,30.379668
0.0,1,30.410672
0.0,1,30.442669
0.0,1,30.483686
0.0,1,30.515674
0.0,1,30.542722
0.0,1,30.57567
0.0,1,30.604674
0.0,1,30.641675
0.0,1,30.677673
0.0,1,30.70667
0.0,1,30.739673
0.0,1,30.771672
0.0,1,30.809671
0.0,1,30.839672
0.0,1,30.871688
0.0,1,30.904672
0.0,1,30.938674
0.0,1,30.973672
0.0,1,31.004676
0.0,1,31.080676
0.0,1,31.124688
0.0,1,31.154674
0.0,1,31.190686
0.0,1,31.227713
0.0,1,31.255677
0.0,1,31.290696
0.0,1,31.323676
0.0,1,31.362675
0.0,1,31.393679
0.0,1,31.429675
0.0,1,31.463675
0.0,1,31.495675
0.0,1,31.525675
0.0,1,31.558695
0.0,1,31.587679
0.0,1,31.620679
0.0,1,31.653677
0.0,1,31.693677
0.0,1,31.725676
0.0,1,31.754683
0.0,1,31.789678
0.0,1,31.819691
0.0,1,31.848678
0.0,1,31.87868
0.0,1,31.91068
0.0,1,31.939692
0.0,1,31.967712
0.0,1,32.00468
0.0,1,32.032683
0.0,1,32.060716
0.0,1,32.09068
0.0,1,32.123678
0.0,1,32.150704
0.0,1,32.178705
0.0,1,32.207679
0.0,1,32.23868
0.0,1,32.26668
0.0,1,32.298684
0.0,1,32.32668
0.0,1,32.35768
0.0,1,32.386693
0.0,1,32.413688
0.0,1,32.445685
0.0,1,32.475684
0.0,1,32.5037
0.0,1,32.531681
0.0,1,32.561681
0.0,1,32.594681
0.0,1,32.623681
0.0,1,32.651682
0.0,1,32.682698
0.0,1,32.710711
0.0,1,32.738717
0.0,1,32.808702
0.0,1,32.846684
0.0,1,32.875684
0.0,1,32.90372
0.0,1,32.940684
0.0,1,32.968685
0.0,1,32.998711
0.0,1,33.034685
0.0,1,33.065705
0.0,1,33.094684
0.0,1,33.126691
0.0,1,33.158711
0.0,1,33.187711
0.0,1,33.214689
0.0,1,33.254685
0.0,1,33.2857
0.0,1,33.315691
0.0,1,33.346688
0.0,1,33.382685
0.0,1,33.410712
0.0,1,33.439686
0.0,1,33.47069
0.0,1,33.501688
0.0,1,33.533687
0.0,1,33.566687
0.0,1,33.59669
0.0,1,33.626691
0.0,1,33.653716
0.0,1,33.681687
0.0,1,33.711688
0.0,1,33.738713
0.0,1,33.769688
0.0,1,33.796718
0.0,1,33.827713
0.0,1,33.859689
0.0,1,33.888689
0.0,1,33.919689
0.0,1,33.948703
0.0,1,33.975706
0.0,1,34.002698
0.0,1,34.030694
0.0,1,34.058692
0.0,1,34.086694
0.0,1,34.112694
0.0,1,34.147697
0.0,1,34.174691
0.0,1,34.202693
0.0,1,34.229709
0.0,1,34.261694
0.0,1,34.289692
0.0,1,34.31572
0.0,1,34.341691
0.0,1,34.37371
0.0,1,34.401709
0.0,1,34.485697
0.0,1,34.519693
0.0,1,34.550699
0.0,1,34.583694
0.0,1,34.612696
0.0,1,34.644706
0.0,1,34.675695
0.0,1,34.708702
0.0,1,34.736694
0.0,1,34.764698
0.0,1,34.797695
0.0,1,34.82673
0.0,1,34.855701
0.0,1,34.883722
0.0,1,34.913695
0.0,1,34.941695
0.0,1,34.969697
0.0,1,35.001698
0.0,1,35.034697
0.0,1,35.064699
0.0,1,35.101703
0.0,1,35.137697
0.0,1,35.1687
0.0,1,35.199698
0.0,1,35.233697
0.0,1,35.269709
0.0,1,35.302699
0.0,1,35.332702
0.0,1,35.367699
0.0,1,35.397698
0.0,1,35.435699
0.0,1,35.463727
0.0,1,35.495729
0.0,1,35.52371
0.0,1,35.551733
0.0,1,35.583703
0.0,1,35.61171
0.0,1,35.6407
0.0,1,35.668734
0.0,1,35.703701
0.0,1,35.7367
0.0,1,35.763701
0.0,1,35.791702
0.0,1,35.8227
0.0,1,35.8517
0.0,1,35.882705
0.0,1,35.91071
0.0,1,35.940701
0.0,1,35.970702
0.0,1,35.998704
0.0,1,36.072706
0.0,1,36.117703
0.0,1,36.142723
0.0,1,36.173704
0.0,1,36.201704
0.0,1,36.228708
0.0,1,36.256712
0.0,1,36.287737
0.0,1,36.321743
0.0,1,36.350708
0.0,1,36.38374
0.0,1,36.415705
0.0,1,36.443745
0.0,1,36.472704
0.0,1,36.503705
0.0,1,36.534727
0.0,1,36.560706
0.0,1,36.589705
0.0,1,36.621708
0.0,1,36.648723
0.0,1,36.682707
0.0,1,36.710723
0.0,1,36.743714
0.0,1,36.774709
0.0,1,36.80673
0.0,1,36.842707
0.0,1,36.875707
0.0,1,36.906706
0.0,1,36.937712
0.0,1,36.969733
0.0,1,37.003709
0.0,1,37.033711
0.0,1,37.067711
0.0,1,37.099713
0.0,1,37.130712
0.0,1,37.160713
0.0,1,37.194709
0.0,1,37.224708
0.0,1,37.254743
0.0,1,37.287711
0.0,1,37.321727
0.0,1,37.352718
0.0,1,37.383713
0.0,1,37.41573
0.0,1,37.444711
0.0,1,37.47271
0.0,1,37.50371
0.0,1,37.532714
0.0,1,37.561713
0.0,1,37.58871
0.0,1,37.672712
0.0,1,37.704712
0.0,1,37.732713
0.0,1,37.761712
0.0,1,37.791716
0.0,1,37.82072
0.0,1,37.849713
0.0,1,37.879717
0.0,1,37.906738
0.0,1,37.935713
0.0,1,37.967714
0.0,1,37.998713
0.0,1,38.025714
0.0,1,38.054714
0.0,1,38.085742
0.0,1,38.115741
0.0,1,38.14272
0.0,1,38.169717
0.0,1,38.201734
0.0,1,38.229719
0.0,1,38.264719
0.0,1,38.292715
0.0,1,38.323741
0.0,1,38.352717
0.0,1,38.379715
0.0,1,38.406718
0.0,1,38.437739
0.0,1,38.467718
0.0,1,38.496718
0.0,1,38.531735
0.0,1,38.564743
0.0,1,38.592735
0.0,1,38.619742
0.0,1,38.651742
0.0,1,38.680718
0.0,1,38.708739
0.0,1,38.73672
0.0,1,38.766721
0.0,1,38.795723
0.0,1,38.822745
0.0,1,38.855718
0.0,1,38.886719
0.0,1,38.914721
0.0,1,38.942723
0.0,1,38.972749
0.0,1,39.000743
0.0,1,39.028721
0.0,1,39.057736
0.0,1,39.088719
0.0,1,39.116749
0.0,1,39.147745
0.0,1,39.17672
0.0,1,39.209723
0.0,1,39.236723
0.0,1,39.312749
0.0,1,39.350754
0.0,1,39.385727
0.0,1,39.416738
0.0,1,39.457737
0.0,1,39.485722
0.0,1,39.525723
0.0,1,39.559723
0.0,1,39.590724
0.0,1,39.620758
0.0,1,39.654727
0.0,1,39.683723
0.0,1,39.71174
0.0,1,39.743723
0.0,1,39.777724
0.0,1,39.807724
0.0,1,39.844729
0.0,1,39.880725
0.0,1,39.909724
0.0,1,39.939729
0.0,1,39.968729
0.0,1,39.999726
0.0,1,40.02676
0.0,1,40.055726
0.0,1,40.091745
0.0,1,40.121727
0.0,1,40.156727
0.0,1,40.185726
0.0,1,40.216727
0.0,1,40.24473
0.0,1,40.272727
0.0,1,40.304754
0.0,1,40.335768
0.0,1,40.366743
0.0,1,40.394729
0.0,1,40.424747
0.0,1,40.456728
0.0,1,40.482753
0.0,1,40.51073
0.0,1,40.541737
0.0,1,40.568729
0.0,1,40.597731
0.0,1,40.62373
0.0,1,40.653754
0.0,1,40.681739
0.0,1,40.70873
0.0,1,40.741729
0.0,1,40.772765
0.0,1,40.799749
0.0,1,40.827731
0.0,1,40.85473
0.0,1,40.884765
0.0,1,40.913738
0.0,1,40.940745
0.0,1,41.009758
0.0,1,41.045734
0.0,1,41.079768
0.0,1,41.110733
0.0,1,41.140732
0.0,1,41.169732
0.0,1,41.19977
0.0,1,41.227741
0.0,1,41.258757
0.0,1,41.287745
0.0,1,41.315735
0.0,1,41.346769
0.0,1,41.380735
0.0,1,41.410746
0.0,1,41.438764
0.0,1,41.473734
0.0,1,41.524735
0.0,1,41.558769
0.0,1,41.59474
0.0,1,41.627739
0.0,1,41.659737
0.0,1,41.691738
0.0,1,41.72377
0.0,1,41.751737
0.0,1,41.77877
0.0,1,41.808781
0.0,1,41.836738
0.0,1,41.864741
0.0,1,41.891736
0.0,1,41.92576
0.0,1,41.952773
0.0,1,41.981775
0.0,1,42.017772
0.0,1,42.045742
0.0,1,42.073738
0.0,1,42.104738
0.0,1,42.134739
0.0,1,42.16374
0.0,1,42.190738
0.0,1,42.218774
0.0,1,42.249742
0.0,1,42.281739
0.0,1,42.312764
0.0,1,42.341751
0.0,1,42.369756
0.0,1,42.396778
0.0,1,42.423777
0.0,1,42.454743
0.0,1,42.48174
0.0,1,42.510761
0.0,1,42.537744
0.0,1,42.56774
0.0,1,42.59977
0.0,1,42.628742
0.0,1,42.65774
0.0,1,42.732742
0.0,1,42.767776
0.0,1,42.799742
0.0,1,42.827742
0.0,1,42.855745
0.0,1,42.883742
0.0,1,42.914742
0.0,1,42.946776
0.0,1,42.974744
0.0,1,43.001768
0.0,1,43.032743
0.0,1,43.060743
0.0,1,43.090747
0.0,1,43.121764
0.0,1,43.148772
0.0,1,43.177743
0.0,1,43.203749
0.0,1,43.241745
0.0,1,43.268775
0.0,1,43.297746
0.0,1,43.325768
0.0,1,43.355745
0.0,1,43.383745
0.0,1,43.412781
0.0,1,43.439778
0.0,1,43.472747
0.0,1,43.49977
0.0,1,43.533754
0.0,1,43.565748
0.0,1,43.592748
0.0,1,43.619747
0.0,1,43.646778
0.0,1,43.677748
0.0,1,43.705775
0.0,1,43.733747
0.0,1,43.761784
0.0,1,43.79275
0.0,1,43.824749
0.0,1,43.851748
0.0,1,43.881763
0.0,1,43.912782
0.0,1,43.940749
0.0,1,43.967748
0.0,1,43.994775
0.0,1,44.025752
0.0,1,44.052751
0.0,1,44.080787
0.0,1,44.116752
0.0,1,44.144749
0.0,1,44.171751
0.0,1,44.196777
0.0,1,44.226752
0.0,1,44.254751
0.0,1,44.28175
0.0,1,44.310775
0.0,1,44.340751
0.0,1,44.392753
0.0,1,44.450756
0.0,1,44.478776
0.0,1,44.506752
0.0,1,44.531753
0.0,1,44.561776
0.0,1,44.589777
0.0,1,44.615779
0.0,1,44.647757
0.0,1,44.678787
0.0,1,44.707758
0.0,1,44.739755
0.0,1,44.766752
0.0,1,44.796777
0.0,1,44.824754
0.0,1,44.850754
0.0,1,44.878754
0.0,1,44.908789
0.0,1,44.936754
0.0,1,44.963791
0.0,1,44.992757
0.0,1,45.027791
0.0,1,45.05576
0.0,1,45.083758
0.0,1,45.114777
0.0,1,45.14276
0.0,1,45.169775
0.0,1,45.196756
0.0,1,45.226791
0.0,1,45.253757
0.0,1,45.281781
0.0,1,45.314759
0.0,1,45.345761
0.0,1,45.376794
0.0,1,45.40376
0.0,1,45.431757
0.0,1,45.46176
0.0,1,45.489759
0.0,1,45.515782
0.0,1,45.542782
0.0,1,45.57276
0.0,1,45.604758
0.0,1,45.631793
0.0,1,45.659793
0.0,1,45.691761
0.0,1,45.718762
0.0,1,45.745759
0.0,1,45.773762
0.0,1,45.803763
0.0,1,45.830783
0.0,1,45.859761
0.0,1,45.894762
0.0,1,45.922769
0.0,1,45.94976
0.0,1,46.010762
0.0,1,46.054761
0.0,1,46.082793
0.0,1,46.111795
0.0,1,46.142793
0.0,1,46.170772
0.0,1,46.198764
0.0,1,46.233766
0.0,1,46.265766
0.0,1,46.293791
0.0,1,46.321764
0.0,1,46.351763
0.0,1,46.381766
0.0,1,46.410767
0.0,1,46.438766
0.0,1,46.467772
0.0,1,46.496764
0.0,1,46.531774
0.0,1,46.558763
0.0,1,46.587767
0.0,1,46.615764
0.0,1,46.643767
0.0,1,46.671773
0.0,1,46.701776
0.0,1,46.728764
0.0,1,46.755779
0.0,1,46.782782
0.0,1,46.822785
0.0,1,46.849766
0.0,1,46.877769
0.0,1,46.9078
0.0,1,46.935766
0.0,1,46.963766
0.0,1,46.991767
0.0,1,47.021772
0.0,1,47.049778
0.0,1,47.078769
0.0,1,47.111769
0.0,1,47.142802
0.0,1,47.170769
0.0,1,47.196768
0.0,1,47.224767
0.0,1,47.255787
0.0,1,47.28177
0.0,1,47.30877
0.0,1,47.335769
0.0,1,47.36477
0.0,1,47.396769
0.0,1,47.424782
0.0,1,47.45379
0.0,1,47.482798
0.0,1,47.509793
0.0,1,47.537788
0.0,1,47.568774
0.0,1,47.597769
0.0,1,47.62677
0.0,1,47.654771
0.0,1,47.688776
0.0,1,47.778779
0.0,1,47.813772
0.0,1,47.840771
0.0,1,47.872783
0.0,1,47.908786
0.0,1,47.934773
0.0,1,47.961772
0.0,1,47.991791
0.0,1,48.022773
0.0,1,48.054777
0.0,1,48.082782
0.0,1,48.111775
0.0,1,48.141786
0.0,1,48.171775
0.0,1,48.200774
0.0,1,48.230786
0.0,1,48.260776
0.0,1,48.288775
0.0,1,48.316778
0.0,1,48.350804
0.0,1,48.3788
0.0,1,48.406792
0.0,1,48.433776
0.0,1,48.463777
0.0,1,48.492778
0.0,1,48.518775
0.0,1,48.5458
0.0,1,48.576776
0.0,1,48.604776
0.0,1,48.637806
0.0,1,48.670777
0.0,1,48.698781
0.0,1,48.72678
0.0,1,48.753782
0.0,1,48.785778
0.0,1,48.812801
0.0,1,48.840779
0.0,1,48.867777
0.0,1,48.896805
0.0,1,48.927812
0.0,1,48.956795
0.0,1,48.983778
0.0,1,49.013779
0.0,1,49.043805
0.0,1,49.072781
0.0,1,49.099813
0.0,1,49.13078
0.0,1,49.157779
0.0,1,49.185782
0.0,1,49.217788
0.0,1,49.246797
0.0,1,49.276783
0.0,1,49.304814
0.0,1,49.335782
0.0,1,49.363783
0.0,1,49.391783
0.0,1,49.439784
0.0,1,49.502782
0.0,1,49.533782
0.0,1,49.566786
0.0,1,49.597786
0.0,1,49.625807
0.0,1,49.654804
0.0,1,49.682799
0.0,1,49.712782
0.0,1,49.741817
0.0,1,49.769805
0.0,1,49.797787
0.0,1,49.829787
0.0,1,49.862783
0.0,1,49.892786
0.0,1,49.921818
0.0,1,49.95279
0.0,1,49.979785
0.0,1,50.007788
0.0,1,50.037788
0.0,1,50.066785
0.0,1,50.095786
0.0,1,50.123785
0.0,1,50.158795
0.0,1,50.187786
0.0,1,50.215799
0.0,1,50.242811
0.0,1,50.27481
0.0,1,50.302786
0.0,1,50.328786
0.0,1,50.356786
0.0,1,50.386826
0.0,1,50.41579
0.0,1,50.448801
0.0,1,50.477787
0.0,1,50.507787
0.0,1,50.534823
0.0,1,50.561787
0.0,1,50.592806
0.0,1,50.621795
0.0,1,50.649801
0.0,1,50.680788
0.0,1,50.712789
0.0,1,50.743788
0.0,1,50.772795
0.0,1,50.801788
0.0,1,50.831789
0.0,1,50.858825
0.0,1,50.887789
0.0,1,50.915794
0.0,1,50.946807
0.0,1,50.974793
0.0,1,51.002791
0.0,1,51.037825
0.0,1,51.110793
0.0,1,51.144792
0.0,1,51.173791
0.0,1,51.201795
0.0,1,51.228793
0.0,1,51.259793
0.0,1,51.288791
0.0,1,51.31582
0.0,1,51.343808
0.0,1,51.378793
0.0,1,51.406795
0.0,1,51.435806
0.0,1,51.463798
0.0,1,51.493815
0.0,1,51.522794
0.0,1,51.554807
0.0,1,51.582794
0.0,1,51.612806
0.0,1,51.639794
0.0,1,51.671831
0.0,1,51.703833
0.0,1,51.730829
0.0,1,51.757829
0.0,1,51.786829
0.0,1,51.818795
0.0,1,51.845809
0.0,1,51.874795
0.0,1,51.90383
0.0,1,51.934796
0.0,1,51.9668
0.0,1,51.994799
0.0,1,52.022799
0.0,1,52.052798
0.0,1,52.0798
0.0,1,52.1078
0.0,1,52.136803
0.0,1,52.166806
0.0,1,52.193809
0.0,1,52.222819
0.0,1,52.256798
0.0,1,52.286824
0.0,1,52.31481
0.0,1,52.34182
0.0,1,52.375798
0.0,1,52.404807
0.0,1,52.431804
0.0,1,52.459799
0.0,1,52.489823
0.0,1,52.517823
0.0,1,52.5498
0.0,1,52.575824
0.0,1,52.606802
0.0,1,52.6338
0.0,1,52.660801
0.0,1,52.688802
0.0,1,52.7188
0.0,1,52.745801
0.0,1,52.816803
0.0,1,52.853833
0.0,1,52.886801
0.0,1,52.914802
0.0,1,52.945801
0.0,1,52.972836
0.0,1,52.999803
0.0,1,53.029821
0.0,1,53.059812
0.0,1,53.089803
0.0,1,53.116805
0.0,1,53.145807
0.0,1,53.179803
0.0,1,53.207841
0.0,1,53.237806
0.0,1,53.269809
0.0,1,53.295812
0.0,1,53.322804
0.0,1,53.350809
0.0,1,53.382805
0.0,1,53.410805
0.0,1,53.438804
0.0,1,53.474807
0.0,1,53.506808
0.0,1,53.534805
0.0,1,53.562805
0.0,1,53.58982
0.0,1,53.620806
0.0,1,53.647819
0.0,1,53.674806
0.0,1,53.705841
0.0,1,53.733829
0.0,1,53.766843
0.0,1,53.794806
0.0,1,53.824841
0.0,1,53.85581
0.0,1,53.88581
0.0,1,53.921808
0.0,1,53.952808
0.0,1,53.982808
0.0,1,54.010837
0.0,1,54.043808
0.0,1,54.076813
0.0,1,54.109844
0.0,1,54.14481
0.0,1,54.17681
0.0,1,54.205814
0.0,1,54.236827
0.0,1,54.26981
0.0,1,54.29881
0.0,1,54.32684
0.0,1,54.355809
0.0,1,54.393812
0.0,1,54.424812
0.0,1,54.454811
0.0,1,54.530819
0.0,1,54.579812
0.0,1,54.610819
0.0,1,54.642813
0.0,1,54.672818
0.0,1,54.702813
0.0,1,54.730816
0.0,1,54.772847
0.0,1,54.806847
0.0,1,54.835818
0.0,1,54.867813
0.0,1,54.899816
0.0,1,54.933813
0.0,1,54.968819
0.0,1,54.997816
0.0,1,55.029817
0.0,1,55.059817
0.0,1,55.094816
0.0,1,55.122817
0.0,1,55.153848
0.0,1,55.183817
0.0,1,55.210815
0.0,1,55.237837
0.0,1,55.26882
0.0,1,55.297821
0.0,1,55.325838
0.0,1,55.353819
0.0,1,55.388816
0.0,1,55.416816
0.0,1,55.443853
0.0,1,55.474816
0.0,1,55.502821
0.0,1,55.530818
0.0,1,55.558817
0.0,1,55.588821
0.0,1,55.616842
0.0,1,55.643836
0.0,1,55.674825
0.0,1,55.703821
0.0,1,55.732846
0.0,1,55.760821
0.0,1,55.787819
0.0,1,55.818845
0.0,1,55.845831
0.0,1,55.87382
0.0,1,55.903854
0.0,1,55.934819
0.0,1,55.968822
0.0,1,55.996825
0.0,1,56.02682
0.0,1,56.05482
0.0,1,56.082856
0.0,1,56.11082
0.0,1,56.141821
0.0,1,56.169822
0.0,1,56.198823
0.0,1,56.281822
0.0,1,56.315827
0.0,1,56.344823
0.0,1,56.376827
0.0,1,56.408825
0.0,1,56.441825
0.0,1,56.475825
0.0,1,56.515829
0.0,1,56.548823
0.0,1,56.578828
0.0,1,56.610846
0.0,1,56.645855
0.0,1,56.677833
0.0,1,56.709824
0.0,1,56.737858
0.0,1,56.770837
0.0,1,56.806826
0.0,1,56.846835
0.0,1,56.87983
0.0,1,56.912828
0.0,1,56.943825
0.0,1,56.975824
0.0,1,57.004827
0.0,1,57.033848
0.0,1,57.064825
0.0,1,57.093826
0.0,1,57.123828
0.0,1,57.156829
0.0,1,57.185853
0.0,1,57.215826
0.0,1,57.242827
0.0,1,57.278862
0.0,1,57.306831
0.0,1,57.335829
0.0,1,57.363831
0.0,1,57.393833
0.0,1,57.42683
0.0,1,57.45484
0.0,1,57.486828
0.0,1,57.515839
0.0,1,57.552829
0.0,1,57.591838
0.0,1,57.628832
0.0,1,57.662848
0.0,1,57.694831
0.0,1,57.727831
0.0,1,57.75783
0.0,1,57.787832
0.0,1,57.819849
0.0,1,57.848833
0.0,1,57.876831
0.0,1,57.910832
0.0,1,57.980832
0.0,1,58.016832
0.0,1,58.048867
0.0,1,58.079835
0.0,1,58.107836
0.0,1,58.138835
0.0,1,58.170836
0.0,1,58.200867
0.0,1,58.233835
0.0,1,58.272833
0.0,1,58.300869
0.0,1,58.330836
0.0,1,58.358835
0.0,1,58.391834
0.0,1,58.420869
0.0,1,58.450839
0.0,1,58.484849
0.0,1,58.513836
0.0,1,58.543835
0.0,1,58.581837
0.0,1,58.615872
0.0,1,58.648873
0.0,1,58.682855
0.0,1,58.717837
0.0,1,58.749836
0.0,1,58.782839
0.0,1,58.820845
0.0,1,58.850836
0.0,1,58.878839
0.0,1,58.913836
0.0,1,58.944842
0.0,1,58.972841
0.0,1,58.999853
0.0,1,59.028845
0.0,1,59.061838
0.0,1,59.090857
0.0,1,59.118875
0.0,1,59.153862
0.0,1,59.184873
0.0,1,59.218846
0.0,1,59.246876
0.0,1,59.278866
0.0,1,59.307846
0.0,1,59.335839
0.0,1,59.367852
0.0,1,59.398841
0.0,1,59.429872
0.0,1,59.46184
0.0,1,59.49384
0.0,1,59.527842
0.0,1,59.556854
0.0,1,59.589843
0.0,1,59.664841
0.0,1,59.697874
0.0,1,59.727842
0.0,1,59.756843
0.0,1,59.78486
0.0,1,59.815878
0.0,1,59.845845
0.0,1,59.878876
0.0,1,59.908877
0.0,1,59.941846
0.0,1,59.968867
0.0,1,59.998843
0.0,1,60.034843
0.0,1,60.065878
0.0,1,60.097843
0.0,1,60.125844
0.0,1,60.158846
0.0,1,60.190883
0.0,1,60.218844
0.0,1,60.248846
0.0,1,60.279849
0.0,1,60.307847
0.0,1,60.333871
0.0,1,60.36485
0.0,1,60.39585
0.0,1,60.425848
0.0,1,60.460847
0.0,1,60.496871
0.0,1,60.532848
0.0,1,60.564846
0.0,1,60.597849
0.0,1,60.629847
0.0,1,60.662846
0.0,1,60.695848
0.0,1,60.725863
0.0,1,60.753853
0.0,1,60.782847
0.0,1,60.819855
0.0,1,60.848848
0.0,1,60.879848
0.0,1,60.910865
0.0,1,60.942849
0.0,1,60.970865
0.0,1,60.998885
0.0,1,61.029849
0.0,1,61.057852
0.0,1,61.085851
0.0,1,61.119852
0.0,1,61.149877
0.0,1,61.179885
0.0,1,61.273853
0.0,1,61.304853
0.0,1,61.341875
0.0,1,61.377868
0.0,1,61.408862
0.0,1,61.439854
0.0,1,61.474873
0.0,1,61.513854
0.0,1,61.545856
0.0,1,61.580853
0.0,1,61.611866
0.0,1,61.640854
0.0,1,61.669853
0.0,1,61.700853
0.0,1,61.729853
0.0,1,61.758855
0.0,1,61.787859
0.0,1,61.824911
0.0,1,61.853859
0.0,1,61.883854
0.0,1,61.917856
0.0,1,61.947857
0.0,1,61.977856
0.0,1,62.008862
0.0,1,62.040856
0.0,1,62.070868
0.0,1,62.098858
0.0,1,62.135857
0.0,1,62.164858
0.0,1,62.192856
0.0,1,62.220897
0.0,1,62.253858
0.0,1,62.29086
0.0,1,62.329861
0.0,1,62.371857
0.0,1,62.40087
0.0,1,62.430858
0.0,1,62.468874
0.0,1,62.49886
0.0,1,62.526862
0.0,1,62.555863
0.0,1,62.587858
0.0,1,62.615885
0.0,1,62.644859
0.0,1,62.671859
0.0,1,62.702866
0.0,1,62.730884
0.0,1,62.763859
0.0,1,62.79186
0.0,1,62.82387
0.0,1,62.853883
0.0,1,62.887861
0.0,1,62.928885
0.0,1,63.009861
0.0,1,63.058866
0.0,1,63.087862
0.0,1,63.122865
0.0,1,63.158862
0.0,1,63.185863
0.0,1,63.215861
0.0,1,63.249863
0.0,1,63.284863
0.0,1,63.312863
0.0,1,63.342863
0.0,1,63.373868
0.0,1,63.407864
0.0,1,63.435893
0.0,1,63.472868
0.0,1,63.504864
0.0,1,63.531888
0.0,1,63.559863
0.0,1,63.594865
0.0,1,63.62887
0.0,1,63.660869
0.0,1,63.69387
0.0,1,63.734866
0.0,1,63.766886
0.0,1,63.804871
0.0,1,63.838876
0.0,1,63.874873
0.0,1,63.904867
0.0,1,63.940867
0.0,1,63.97187
0.0,1,64.002869
0.0,1,64.039871
0.0,1,64.069867
0.0,1,64.095866
0.0,1,64.127868
0.0,1,64.158868
0.0,1,64.190869
0.0,1,64.218869
0.0,1,64.245868
0.0,1,64.285883
0.0,1,64.320881
0.0,1,64.350877
0.0,1,64.39488
0.0,1,64.42587
0.0,1,64.46287
0.0,1,64.494912
0.0,1,64.525898
0.0,1,64.56187
0.0,1,64.597876
0.0,1,64.626907
0.0,1,64.657871
0.0,1,64.693871
0.0,1,64.724906
0.0,1,64.752871
0.0,1,64.782892
0.0,1,64.86788
0.0,1,64.897872
0.0,1,64.932893
0.0,1,64.961881
0.0,1,65.004874
0.0,1,65.045874
0.0,1,65.080873
0.0,1,65.119874
0.0,1,65.153876
0.0,1,65.197875
0.0,1,65.231876
0.0,1,65.261874
0.0,1,65.295874
0.0,1,65.327874
0.0,1,65.363875
0.0,1,65.394876
0.0,1,65.426874
0.0,1,65.456874
0.0,1,65.493876
0.0,1,65.538879
0.0,1,65.570876
0.0,1,65.607877
0.0,1,65.64288
0.0,1,65.677876
0.0,1,65.712884
0.0,1,65.747895
0.0,1,65.789886
0.0,1,65.826879
0.0,1,65.860877
0.0,1,65.895882
0.0,1,65.927881
0.0,1,65.973879
0.0,1,66.00388
0.0,1,66.035879
0.0,1,66.067883
0.0,1,66.095879
0.0,1,66.126879
0.0,1,66.156879
0.0,1,66.191884
0.0,1,66.233883
0.0,1,66.265883
0.0,1,66.301907
0.0,1,66.333884
0.0,1,66.366886
0.0,1,66.399895
0.0,1,66.427885
0.0,1,66.51889
0.0,1,66.544881
0.0,1,66.574893
0.0,1,66.609916
0.0,1,66.643887
0.0,1,66.671907
0.0,1,66.704885
0.0,1,66.739885
0.0,1,66.769886
0.0,1,66.800887
0.0,1,66.829885
0.0,1,66.865906
0.0,1,66.895884
0.0,1,66.931888
0.0,1,66.965887
0.0,1,66.997887
0.0,1,67.034917
0.0,1,67.070889
0.0,1,67.105895
0.0,1,67.135885
0.0,1,67.167887
0.0,1,67.205918
0.0,1,67.237917
0.0,1,67.274886
0.0,1,67.307888
0.0,1,67.341923
0.0,1,67.376887
0.0,1,67.411888
0.0,1,67.441898
0.0,1,67.471887
0.0,1,67.500891
0.0,1,67.535924
0.0,1,67.567891
0.0,1,67.6049
0.0,1,67.63792
0.0,1,67.667928
0.0,1,67.694889
0.0,1,67.726889
0.0,1,67.758924
0.0,1,67.78989
0.0,1,67.81989
0.0,1,67.852926
0.0,1,67.886891
0.0,1,67.923891
0.0,1,67.955895
0.0,1,67.98689
0.0,1,68.019895
0.0,1,68.048903
0.0,1,68.079895
0.0,1,68.114904
0.0,1,68.203894
0.0,1,68.232904
0.0,1,68.260896
0.0,1,68.295933
0.0,1,68.326895
0.0,1,68.359907
0.0,1,68.389893
0.0,1,68.425931
0.0,1,68.459893
0.0,1,68.491927
0.0,1,68.525893
0.0,1,68.559895
0.0,1,68.589894
0.0,1,68.628897
0.0,1,68.659895
0.0,1,68.689897
0.0,1,68.720895
0.0,1,68.7509
0.0,1,68.777899
0.0,1,68.808895
0.0,1,68.84093
0.0,1,68.871896
0.0,1,68.900896
0.0,1,68.933896
0.0,1,68.9649
0.0,1,68.992898
0.0,1,69.023899
0.0,1,69.052928
0.0,1,69.085897
0.0,1,69.113903
0.0,1,69.141929
0.0,1,69.17393
0.0,1,69.202902
0.0,1,69.236898
0.0,1,69.265902
0.0,1,69.296904
0.0,1,69.325902
0.0,1,69.359903
0.0,1,69.399902
0.0,1,69.431903
0.0,1,69.462916
0.0,1,69.49192
0.0,1,69.527901
0.0,1,69.560904
0.0,1,69.591913
0.0,1,69.622914
0.0,1,69.651904
0.0,1,69.6829
0.0,1,69.715901
0.0,1,69.750901
0.0,1,69.785901
0.0,1,69.878903
0.0,1,69.917902
0.0,1,69.958907
0.0,1,69.987941
0.0,1,70.019931
0.0,1,70.057904
0.0,1,70.100904
0.0,1,70.139904
0.0,1,70.168902
0.0,1,70.20092
0.0,1,70.231909
0.0,1,70.263904
0.0,1,70.304921
0.0,1,70.333906
0.0,1,70.362905
0.0,1,70.391908
0.0,1,70.426922
0.0,1,70.458906
0.0,1,70.491909
0.0,1,70.523913
0.0,1,70.556935
0.0,1,70.59691
0.0,1,70.639906
0.0,1,70.67591
0.0,1,70.714914
0.0,1,70.748908
0.0,1,70.780908
0.0,1,70.818915
0.0,1,70.854912
0.0,1,70.88791
0.0,1,70.917908
0.0,1,70.953908
0.0,1,70.995909
0.0,1,71.034936
0.0,1,71.07091
0.0,1,71.10791
0.0,1,71.143909
0.0,1,71.179913
0.0,1,71.20891
0.0,1,71.23991
0.0,1,71.272909
0.0,1,71.30491
0.0,1,71.339945
0.0,1,71.37491
0.0,1,71.416917
0.0,1,71.445912
0.0,1,71.476927
0.0,1,71.512912
0.0,1,71.543915
0.0,1,71.578913
0.0,1,71.680913
0.0,1,71.716923
0.0,1,71.756913
0.0,1,71.793913
0.0,1,71.821953
0.0,1,71.852915
0.0,1,71.893923
0.0,1,71.924916
0.0,1,71.957918
0.0,1,71.98992
0.0,1,72.021915
0.0,1,72.052914
0.0,1,72.087917
0.0,1,72.121915
0.0,1,72.154916
0.0,1,72.183917
0.0,1,72.217922
0.0,1,72.250937
0.0,1,72.282928
0.0,1,72.32092
0.0,1,72.355918
0.0,1,72.387928
0.0,1,72.434931
0.0,1,72.470962
0.0,1,72.50194
0.0,1,72.531917
0.0,1,72.562952
0.0,1,72.594919
0.0,1,72.630919
0.0,1,72.665918
0.0,1,72.696922
0.0,1,72.729922
0.0,1,72.770953
0.0,1,72.808924
0.0,1,72.845954
0.0,1,72.884919
0.0,1,72.918919
0.0,1,72.95292
0.0,1,72.988925
0.0,1,73.022957
0.0,1,73.05592
0.0,1,73.093926
0.0,1,73.132931
0.0,1,73.16495
0.0,1,73.203922
0.0,1,73.242931
0.0,1,73.329931
0.0,1,73.376923
0.0,1,73.405925
0.0,1,73.440926
0.0,1,73.478936
0.0,1,73.510924
0.0,1,73.550938
0.0,1,73.584923
0.0,1,73.619953
0.0,1,73.650926
0.0,1,73.689925
0.0,1,73.722926
0.0,1,73.757927
0.0,1,73.798959
0.0,1,73.834946
0.0,1,73.867925
0.0,1,73.909928
0.0,1,73.94493
0.0,1,73.971928
0.0,1,74.006932
0.0,1,74.03498
0.0,1,74.067926
0.0,1,74.099931
0.0,1,74.135926
0.0,1,74.166928
0.0,1,74.198927
0.0,1,74.236929
0.0,1,74.270927
0.0,1,74.301932
0.0,1,74.340952
0.0,1,74.384928
0.0,1,74.435928
0.0,1,74.478928
0.0,1,74.508932
0.0,1,74.542933
0.0,1,74.579937
0.0,1,74.629931
0.0,1,74.656935
0.0,1,74.687929
0.0,1,74.717931
0.0,1,74.754932
0.0,1,74.79793
0.0,1,74.829988
0.0,1,74.865946
0.0,1,74.902934
0.0,1,74.935935
0.0,1,74.975935
0.0,1,75.003932
0.0,1,75.039939
0.0,1,75.074971
0.0,1,75.104934
0.0,1,75.196936
0.0,1,75.229934
0.0,1,75.270942
0.0,1,75.314938
0.0,1,75.353934
0.0,1,75.412935
0.0,1,75.449974
0.0,1,75.480936
0.0,1,75.515944
0.0,1,75.548955
0.0,1,75.580935
0.0,1,75.61597
0.0,1,75.649949
0.0,1,75.682936
0.0,1,75.723957
0.0,1,75.761938
0.0,1,75.795966
0.0,1,75.835937
0.0,1,76.036944
0.0,1,76.073941
0.0,1,76.107946
0.0,1,76.227942
0.0,1,76.328942
0.0,1,76.374943
0.0,1,76.407955
0.0,1,76.450941
0.0,1,76.48394
0.0,1,76.51494
0.0,1,76.553943
0.0,1,76.590944
0.0,1,76.627943
0.0,1,76.666946
0.0,1,76.697942
0.0,1,76.729944
0.0,1,76.761942
0.0,1,76.799942
0.0,1,76.831943
0.0,1,76.863977
0.0,1,76.900943
0.0,1,76.940946
0.0,1,76.971946
0.0,1,77.004946
0.0,1,77.038946
0.0,1,77.072954
0.0,1,77.104946
0.0,1,77.143978
0.0,1,77.177967
0.0,1,77.21095
0.0,1,77.244946
0.0,1,77.274949
0.0,1,77.306946
0.0,1,77.344946
0.0,1,77.379946
0.0,1,77.413946
0.0,1,77.450947
0.0,1,77.487947
0.0,1,77.516947
0.0,1,77.549963
0.0,1,77.583981
0.0,1,77.617951
0.0,1,77.650958
0.0,1,77.683952
0.0,1,77.715948
0.0,1,77.746977
0.0,1,77.78095
0.0,1,77.815948
0.0,1,77.85095
0.0,1,77.88495
0.0,1,77.923962
0.0,1,77.962981
0.0,1,78.001951
0.0,1,78.037953
0.0,1,78.06795
0.0,1,78.098951
0.0,1,78.134951
0.0,1,78.172955
0.0,1,78.203957
0.0,1,78.241965
0.0,1,78.273963
0.0,1,78.305954
0.0,1,78.342956
0.0,1,78.373954
0.0,1,78.404958
0.0,1,78.440954
0.0,1,78.476991
0.0,1,78.515979
0.0,1,78.550952
0.0,1,78.585958
0.0,1,78.625961
0.0,1,78.660988
0.0,1,78.692987
0.0,1,78.724963
0.0,1,78.756966
0.0,1,78.792955
0.0,1,78.823956
0.0,1,78.857961
0.0,1,78.894956
0.0,1,78.930956
0.0,1,78.968957
0.0,1,79.005956
0.0,1,79.038958
0.0,1,79.07196
0.0,1,79.109961
0.0,1,79.14196
0.0,1,79.177002
0.0,1,79.217959
0.0,1,79.248957
0.0,1,79.290974
0.0,1,79.332958
0.0,1,79.373984
0.0,1,79.407975
0.0,1,79.445958
0.0,1,79.478958
0.0,1,79.510962
0.0,1,79.540961
0.0,1,79.581959
0.0,1,79.61296
0.0,1,79.647971
0.0,1,79.681962
0.0,1,79.713964
0.0,1,79.746964
0.0,1,79.781974
0.0,1,79.814978
0.0,1,79.846961
0.0,1,79.879964
0.0,1,79.921971
0.0,1,79.956962
0.0,1,79.995965
0.0,1,80.026962
0.0,1,80.059962
0.0,1,80.093962
0.0,1,80.129964
0.0,1,80.161965
0.0,1,80.195962
0.0,1,80.228987
0.0,1,80.265967
0.0,1,80.299963
0.0,1,80.334967
0.0,1,80.364978
0.0,1,80.396968
0.0,1,80.430964
0.0,1,80.463965
0.0,1,80.496964
0.0,1,80.528
0.0,1,80.564964
0.0,1,80.603967
0.0,1,80.641979
0.0,1,80.682968
0.0,1,80.72198
0.0,1,80.761971
0.0,1,80.795966
0.0,1,80.83597
0.0,1,80.879966
0.0,1,80.913995
0.0,1,80.945967
0.0,1,80.98097
0.0,1,81.018978
0.0,1,81.060001
0.0,1,81.126969
0.0,1,81.17697
0.0,1,81.21397
0.0,1,81.272968
0.0,1,81.306969
0.0,1,81.350975
0.0,1,81.41197
0.0,1,81.44998
0.0,1,81.47597
0.0,1,81.505982
0.0,1,81.53498
0.0,1,81.56898
0.0,1,81.595971
0.0,1,81.625983
0.0,1,81.653982
0.0,1,81.685971
0.0,1,81.71499
0.0,1,81.747971
0.0,1,81.77797
0.0,1,81.807008
0.0,1,81.838987
0.0,1,81.867979
0.0,1,81.90198
0.0,1,81.929973
0.0,1,81.960973
0.0,1,81.996975
0.0,1,82.037976
0.0,1,82.082977
0.0,1,82.121976
0.0,1,82.155979
0.0,1,82.188974
0.0,1,82.221975
0.0,1,82.251976
0.0,1,82.281977
0.0,1,82.310011
0.0,1,82.342975
0.0,1,82.372975
0.0,1,82.405975
0.0,1,82.434978
0.0,1,82.462987
0.0,1,82.493018
0.0,1,82.52298
0.0,1,82.558989
0.0,1,82.58998
0.0,1,82.618977
0.0,1,82.646987
0.0,1,82.679012
0.0,1,82.712981
0.0,1,82.74798
0.0,1,82.782985
0.0,1,82.813979
0.0,1,82.843979
0.0,1,82.888979
0.0,1,82.922979
0.0,1,82.955989
0.0,1,83.100982
0.0,1,83.16298
0.0,1,83.202981
0.0,1,83.229981
0.0,1,83.268982
0.0,1,83.300982
0.0,1,83.337981
0.0,1,83.371983
0.0,1,83.408981
0.0,1,83.448987
0.0,1,83.484982
0.0,1,83.521982
0.0,1,83.568983
0.0,1,83.609982
0.0,1,83.642983
0.0,1,83.672982
0.0,1,83.700986
0.0,1,83.733983
0.0,1,83.765998
0.0,1,83.796989
0.0,1,83.826999
0.0,1,83.854998
0.0,1,83.891986
0.0,1,83.919986
0.0,1,83.951987
0.0,1,83.986985
0.0,1,84.021991
0.0,1,84.054989
0.0,1,84.095986
0.0,1,84.125987
0.0,1,84.154986
0.0,1,84.184986
0.0,1,84.220996
0.0,1,84.248993
0.0,1,84.277988
0.0,1,84.307988
0.0,1,84.343021
0.0,1,84.374988
0.0,1,84.405002
0.0,1,84.439988
0.0,1,84.469987
0.0,1,84.500988
0.0,1,84.53899
0.0,1,84.568988
0.0,1,84.598012
0.0,1,84.628011
0.0,1,84.664991
0.0,1,84.698994
0.0,1,84.792989
0.0,1,84.827031
0.0,1,84.860991
0.0,1,84.898991
0.0,1,84.934004
0.0,1,84.96099
0.0,1,84.989991
0.0,1,85.021992
0.0,1,85.052994
0.0,1,85.086991
0.0,1,85.119028
0.0,1,85.149011
0.0,1,85.177027
0.0,1,85.207026
0.0,1,85.250005
0.0,1,85.284016
0.0,1,85.316998
0.0,1,85.347007
0.0,1,85.392004
0.0,1,85.423997
0.0,1,85.461008
0.0,1,85.497
0.0,1,85.527023
0.0,1,85.558995
0.0,1,85.592994
0.0,1,85.619997
0.0,1,85.652995
0.0,1,85.689031
0.0,1,85.721995
0.0,1,85.755033
0.0,1,85.786995
0.0,1,85.817996
0.0,1,85.844998
0.0,1,85.879005
0.0,1,85.917001
0.0,1,85.944
0.0,1,85.972998
0.0,1,86.009018
0.0,1,86.045012
0.0,1,86.080002
0.0,1,86.122006
0.0,1,86.159
0.0,1,86.200004
0.0,1,86.239
0.0,1,86.285004
0.0,1,86.321001
0.0,1,86.357006
0.0,1,86.433002
0.0,1,86.475005
0.0,1,86.507001
0.0,1,86.541
0.0,1,86.573004
0.0,1,86.603001
0.0,1,86.633
0.0,1,86.671002
0.0,1,86.699001
0.0,1,86.732017
0.0,1,86.765012
0.0,1,86.798018
0.0,1,86.827002
0.0,1,86.858003
0.0,1,86.892011
0.0,1,86.925002
0.0,1,86.958038
0.0,1,86.999003
0.0,1,87.029007
0.0,1,87.058013
0.0,1,87.088006
0.0,1,87.126004
0.0,1,87.158004
0.0,1,87.188004
0.0,1,87.229013
0.0,1,87.257009
0.0,1,87.289004
0.0,1,87.332004
0.0,1,87.359005
0.0,1,87.389005
0.0,1,87.421005
0.0,1,87.455005
0.0,1,87.489009
0.0,1,87.53202
0.0,1,87.573007
0.0,1,87.621024
0.0,1,87.663013
0.0,1,87.707011
0.0,1,87.742022
0.0,1,87.783008
0.0,1,87.818007
0.0,1,87.850032
0.0,1,87.894008
0.0,1,87.929009
0.0,1,87.959013
0.0,1,87.991047
0.0,1,88.024009
0.0,1,88.058021
0.0,1,88.143056
0.0,1,88.170009
0.0,1,88.197009
0.0,1,88.227021
0.0,1,88.257009
0.0,1,88.285009
0.0,1,88.317026
0.0,1,88.349039
0.0,1,88.382012
0.0,1,88.418012
0.0,1,88.450012
0.0,1,88.480013
0.0,1,88.511018
0.0,1,88.543016
0.0,1,88.581013
0.0,1,88.615017
0.0,1,88.653013
0.0,1,88.692026
0.0,1,88.730015
0.0,1,88.767013
0.0,1,88.804013
0.0,1,88.838013
0.0,1,88.876014
0.0,1,88.916015
0.0,1,88.951019
0.0,1,88.98402
0.0,1,89.017017
0.0,1,89.045021
0.0,1,89.072015
0.0,1,89.105035
0.0,1,89.137051
0.0,1,89.17103
0.0,1,89.20202
0.0,1,89.236017
0.0,1,89.270018
0.0,1,89.30402
0.0,1,89.335016
0.0,1,89.365017
0.0,1,89.40102
0.0,1,89.439018
0.0,1,89.471017
0.0,1,89.499035
0.0,1,89.530017
0.0,1,89.570036
0.0,1,89.601025
0.0,1,89.634055
0.0,1,89.667022
0.0,1,89.70002
0.0,1,89.785019
0.0,1,89.819021
0.0,1,89.847018
0.0,1,89.876024
0.0,1,89.906019
0.0,1,89.93702
0.0,1,89.96802
0.0,1,89.99905
0.0,1,90.029021
0.0,1,90.057022
0.0,1,90.088046
0.0,1,90.128028
0.0,1,90.157023
0.0,1,90.200028
0.0,1,90.241023
0.0,1,90.283025
0.0,1,90.323023
0.0,1,90.364022
0.0,1,90.403029
0.0,1,90.441041
0.0,1,90.475032
0.0,1,90.517026
0.0,1,90.548024
0.0,1,90.579024
0.0,1,90.609029
0.0,1,90.637028
0.0,1,90.671024
0.0,1,90.702025
0.0,1,90.738025
0.0,1,90.77006
0.0,1,90.802028
0.0,1,90.842041
0.0,1,90.880025
0.0,1,90.914025
0.0,1,90.94603
0.0,1,90.980029
0.0,1,91.018028
0.0,1,91.051027
0.0,1,91.080027
0.0,1,91.117026
0.0,1,91.153027
0.0,1,91.18803
0.0,1,91.218027
0.0,1,91.252028
0.0,1,91.28406
0.0,1,91.316064
0.0,1,91.353029
0.0,1,91.451031
0.0,1,91.486029
0.0,1,91.51907
0.0,1,91.553031
0.0,1,91.598034
0.0,1,91.649031
0.0,1,91.692032
0.0,1,91.732031
0.0,1,91.776046
0.0,1,91.811031
0.0,1,91.837031
0.0,1,91.865033
0.0,1,91.901035
0.0,1,91.938032
0.0,1,91.978033
0.0,1,92.009033
0.0,1,92.041036
0.0,1,92.083034
0.0,1,92.121035
0.0,1,92.152035
0.0,1,92.183035
0.0,1,92.216036
0.0,1,92.251037
0.0,1,92.286033
0.0,1,92.330034
0.0,1,92.366035
0.0,1,92.404034
0.0,1,92.435069
0.0,1,92.469036
0.0,1,92.500035
0.0,1,92.531038
0.0,1,92.567038
0.0,1,92.595052
0.0,1,92.623042
0.0,1,92.656037
0.0,1,92.686036
0.0,1,92.716039
0.0,1,92.746043
0.0,1,92.780037
0.0,1,92.812043
0.0,1,92.841041
0.0,1,92.87004
0.0,1,92.901067
0.0,1,92.932038
0.0,1,92.971038
0.0,1,93.017051
0.0,1,93.114042
0.0,1,93.149038
0.0,1,93.18604
0.0,1,93.22204
0.0,1,93.259041
0.0,1,93.290042
0.0,1,93.32004
0.0,1,93.36104
0.0,1,93.39604
0.0,1,93.42704
0.0,1,93.460042
0.0,1,93.492042
0.0,1,93.519041
0.0,1,93.545044
0.0,1,93.577048
0.0,1,93.605047
0.0,1,93.637043
0.0,1,93.668045
0.0,1,93.702042
0.0,1,93.731062
0.0,1,93.761042
0.0,1,93.794073
0.0,1,93.825045
0.0,1,93.859043
0.0,1,93.895044
0.0,1,93.930043
0.0,1,93.966078
0.0,1,93.997051
0.0,1,94.034044
0.0,1,94.062047
0.0,1,94.089062
0.0,1,94.120049
0.0,1,94.150044
0.0,1,94.180079
0.0,1,94.211046
0.0,1,94.246065
0.0,1,94.281062
0.0,1,94.313046
0.0,1,94.351046
0.0,1,94.381045
0.0,1,94.408049
0.0,1,94.437049
0.0,1,94.468081
0.0,1,94.498049
0.0,1,94.529047
0.0,1,94.561049
0.0,1,94.592047
0.0,1,94.62105
0.0,1,94.655049
0.0,1,94.687049
0.0,1,94.716047
0.0,1,94.74505
0.0,1,94.781048
0.0,1,94.815051
0.0,1,94.844048
0.0,1,94.93705
0.0,1,94.980049
0.0,1,95.01605
0.0,1,95.051052
0.0,1,95.079051
0.0,1,95.113052
0.0,1,95.144052
0.0,1,95.176059
0.0,1,95.205052
0.0,1,95.237054
0.0,1,95.271055
0.0,1,95.305053
0.0,1,95.341054
0.0,1,95.390066
0.0,1,95.419091
0.0,1,95.447058
0.0,1,95.480053
0.0,1,95.509056
0.0,1,95.541053
0.0,1,95.573056
0.0,1,95.602054
0.0,1,95.631053
0.0,1,95.662056
0.0,1,95.699057
0.0,1,95.731057
0.0,1,95.76206
0.0,1,95.802063
0.0,1,95.832056
0.0,1,95.861057
0.0,1,95.892057
0.0,1,95.926056
0.0,1,95.952059
0.0,1,95.980058
0.0,1,96.013087
0.0,1,96.042072
0.0,1,96.074056
0.0,1,96.102057
0.0,1,96.137058
0.0,1,96.166057
0.0,1,96.198056
0.0,1,96.235057
0.0,1,96.265058
0.0,1,96.29406
0.0,1,96.328059
0.0,1,96.360059
0.0,1,96.390058
0.0,1,96.416084
0.0,1,96.444084
0.0,1,96.477058
0.0,1,96.510061
0.0,1,96.542058
0.0,1,96.586062
0.0,1,96.642061
0.0,1,96.704063
0.0,1,96.742066
0.0,1,96.77706
0.0,1,96.81006
0.0,1,96.843077
0.0,1,96.877069
0.0,1,96.911061
0.0,1,96.942061
0.0,1,96.971067
0.0,1,96.999061
0.0,1,97.043097
0.0,1,97.076064
0.0,1,97.108062
0.0,1,97.141082
0.0,1,97.171079
0.0,1,97.201087
0.0,1,97.239063
0.0,1,97.272065
0.0,1,97.298063
0.0,1,97.332065
0.0,1,97.37908
0.0,1,97.416068
0.0,1,97.452069
0.0,1,97.491069
0.0,1,97.526065
0.0,1,97.56407
0.0,1,97.599084
0.0,1,97.640066
0.0,1,97.677065
0.0,1,97.7131
0.0,1,97.747102
0.0,1,97.7791
0.0,1,97.807071
0.0,1,97.837073
0.0,1,97.869069
0.0,1,97.90107
0.0,1,97.92907
0.0,1,97.957092
0.0,1,97.986071
0.0,1,98.018086
0.0,1,98.050091
0.0,1,98.0771
0.0,1,98.11007
0.0,1,98.14007
0.0,1,98.172068
0.0,1,98.201082
0.0,1,98.23407
0.0,1,98.27507
0.0,1,98.30607
0.0,1,98.343069
0.0,1,98.37807
0.0,1,98.40807
0.0,1,98.450074
0.0,1,98.499074
0.0,1,98.546088
0.0,1,98.587076
0.0,1,98.622071
0.0,1,98.653075
0.0,1,98.693081
0.0,1,98.727077
0.0,1,98.775072
0.0,1,98.816077
0.0,1,98.849076
0.0,1,98.879075
0.0,1,98.917075
0.0,1,98.949075
0.0,1,98.979085
0.0,1,99.013087
0.0,1,99.044076
0.0,1,99.077074
0.0,1,99.130077
0.0,1,99.171075
0.0,1,99.213088
0.0,1,99.261075
0.0,1,99.30508
0.0,1,99.350092
0.0,1,99.391079
0.0,1,99.433094
0.0,1,99.490077
0.0,1,99.526078
0.0,1,99.573079
0.0,1,99.692077
0.0,1,99.730077
0.0,1,99.770086
0.0,1,99.806084
0.0,1,99.842077
0.0,1,99.877078
0.0,1,99.905079
0.0,1,99.935082
0.0,1,99.961084
0.0,1,99.998093
0.0,1,100.026081
0.0,1,100.058083
0.0,1,100.086083
0.0,1,100.112106
0.0,1,100.141081
0.0,1,100.17509
0.0,1,100.211087
0.0,1,100.243081
0.0,1,100.275085
0.0,1,100.308084
0.0,1,100.338082
0.0,1,100.371082
0.0,1,100.399081
0.0,1,100.427097
0.0,1,100.457086
0.0,1,100.496082
0.0,1,100.526082
0.0,1,100.556117
0.0,1,100.590082
0.0,1,100.623111
0.0,1,100.654082
0.0,1,100.683087
0.0,1,100.717092
0.0,1,100.745083
0.0,1,100.775094
0.0,1,100.806112
0.0,1,100.837105
0.0,1,100.8651
0.0,1,100.893086
0.0,1,100.940088
0.0,1,100.990093
0.0,1,101.056089
0.0,1,101.120088
0.0,1,101.16709
0.0,1,101.202087
0.0,1,101.243099
0.0,1,101.280088
0.0,1,101.375087
0.0,1,101.413091
0.0,1,101.450089
0.0,1,101.482091
0.0,1,101.522088
0.0,1,101.553091
0.0,1,101.586094
0.0,1,101.620088
0.0,1,101.648091
0.0,1,101.681101
0.0,1,101.722107
0.0,1,101.756102
0.0,1,101.800097
0.0,1,101.842091
0.0,1,101.881097
0.0,1,101.917094
0.0,1,101.948111
0.0,1,101.974091
0.0,1,102.0051
0.0,1,102.040093
0.0,1,102.078126
0.0,1,102.119127
0.0,1,102.156129
0.0,1,102.195095
0.0,1,102.225097
0.0,1,102.266093
0.0,1,102.299095
0.0,1,102.331095
0.0,1,102.381097
0.0,1,102.423125
0.0,1,102.456095
0.0,1,102.5011
0.0,1,102.545096
0.0,1,102.584095
0.0,1,102.621095
0.0,1,102.657104
0.0,1,102.697098
0.0,1,102.735099
0.0,1,102.764099
0.0,1,102.799098
0.0,1,102.830123
0.0,1,102.860096
0.0,1,102.894101
0.0,1,102.928098
0.0,1,103.002105
0.0,1,103.056124
0.0,1,103.089097
0.0,1,103.121115
0.0,1,103.151097
0.0,1,103.183098
0.0,1,103.215149
0.0,1,103.247102
0.0,1,103.292107
0.0,1,103.33511
0.0,1,103.375103
0.0,1,103.406125
0.0,1,103.439106
0.0,1,103.474102
0.0,1,103.509119
0.0,1,103.536099
0.0,1,103.562105
0.0,1,103.590101
0.0,1,103.624125
0.0,1,103.651125
0.0,1,103.678121
0.0,1,103.709101
0.0,1,103.737101
0.0,1,103.788105
0.0,1,103.835103
0.0,1,103.867105
0.0,1,103.900102
0.0,1,103.932114
0.0,1,103.967103
0.0,1,103.995106
0.0,1,104.024103
0.0,1,104.057104
0.0,1,104.101105
0.0,1,104.151105
0.0,1,104.182142
0.0,1,104.214124
0.0,1,104.243105
0.0,1,104.276106
0.0,1,104.310108
0.0,1,104.339104
0.0,1,104.370107
0.0,1,104.398105
0.0,1,104.426106
0.0,1,104.455139
0.0,1,104.487108
0.0,1,104.516106
0.0,1,104.545108
0.0,1,104.572141
0.0,1,104.647124
0.0,1,104.684107
0.0,1,104.71713
0.0,1,104.75711
0.0,1,104.834115
0.0,1,104.88811
0.0,1,104.948112
0.0,1,104.991111
0.0,1,105.035111
0.0,1,105.066109
0.0,1,105.098109
0.0,1,105.128111
0.0,1,105.160126
0.0,1,105.18811
0.0,1,105.217144
0.0,1,105.247113
0.0,1,105.277117
0.0,1,105.30511
0.0,1,105.334138
0.0,1,105.368111
0.0,1,105.406111
0.0,1,105.444115
0.0,1,105.487111
0.0,1,105.519114
0.0,1,105.549112
0.0,1,105.579119
0.0,1,105.61613
0.0,1,105.651129
0.0,1,105.679161
0.0,1,105.711131
0.0,1,105.744133
0.0,1,105.782124
0.0,1,105.816115
0.0,1,105.851153
0.0,1,105.900116
0.0,1,105.956117
0.0,1,106.00413
0.0,1,106.15012
0.0,1,106.242117
0.0,1,106.290119
0.0,1,106.412122
0.0,1,106.470119
0.0,1,106.521119
0.0,1,106.65012
0.0,1,106.713125
0.0,1,106.785122
0.0,1,106.85613
0.0,1,107.001123
0.0,1,107.071125
0.0,1,107.131124
0.0,1,107.186126
0.0,1,107.240124
0.0,1,107.294125
0.0,1,107.332124
0.0,1,107.370131
0.0,1,107.422124
0.0,1,107.457126
0.0,1,107.494131
0.0,1,107.524143
0.0,1,107.556124
0.0,1,107.595127
0.0,1,107.621162
0.0,1,107.649159
0.0,1,107.678124
0.0,1,107.708128
0.0,1,107.735125
0.0,1,107.763125
0.0,1,107.793137
0.0,1,107.824136
0.0,1,107.852128
0.0,1,107.885126
0.0,1,107.91613
0.0,1,107.943128
0.0,1,107.973131
0.0,1,108.001129
0.0,1,108.032156
0.0,1,108.061126
0.0,1,108.088126
0.0,1,108.115127
0.0,1,108.145127
0.0,1,108.178129
0.0,1,108.20513
0.0,1,108.235128
0.0,1,108.27413
0.0,1,108.302131
0.0,1,108.331162
0.0,1,108.362128
0.0,1,108.389142
0.0,1,108.416154
0.0,1,108.494151
0.0,1,108.529164
0.0,1,108.558141
0.0,1,108.585132
0.0,1,108.615164
0.0,1,108.643133
0.0,1,108.674136
0.0,1,108.704141
0.0,1,108.735159
0.0,1,108.767157
0.0,1,108.797154
0.0,1,108.835132
0.0,1,108.866131
0.0,1,108.898131
0.0,1,108.930131
0.0,1,108.95815
0.0,1,108.986132
0.0,1,109.015151
0.0,1,109.046133
0.0,1,109.074133
0.0,1,109.102133
0.0,1,109.13517
0.0,1,109.171136
0.0,1,109.198168
0.0,1,109.228143
0.0,1,109.268141
0.0,1,109.302136
0.0,1,109.337147
0.0,1,109.381138
0.0,1,109.411149
0.0,1,109.442136
0.0,1,109.481138
0.0,1,109.516137
0.0,1,109.546139
0.0,1,109.575138
0.0,1,109.609139
0.0,1,109.64114
0.0,1,109.670135
0.0,1,109.701136
0.0,1,109.730141
0.0,1,109.762138
0.0,1,109.797137
0.0,1,109.830137
0.0,1,109.860137
0.0,1,109.892138
0.0,1,109.921142
0.0,1,109.950176
0.0,1,109.980138
0.0,1,110.01014
0.0,1,110.04114
0.0,1,110.114141
0.0,1,110.162168
0.0,1,110.209143
0.0,1,110.236139
0.0,1,110.275147
0.0,1,110.312145
0.0,1,110.342141
0.0,1,110.374148
0.0,1,110.403143
0.0,1,110.440143
0.0,1,110.478141
0.0,1,110.517146
0.0,1,110.548141
0.0,1,110.581171
0.0,1,110.611142
0.0,1,110.640143
0.0,1,110.668165
0.0,1,110.700142
0.0,1,110.728143
0.0,1,110.756147
0.0,1,110.785144
0.0,1,110.824164
0.0,1,110.852151
0.0,1,110.882156
0.0,1,110.935148
0.0,1,110.980146
0.0,1,111.028146
0.0,1,111.079147
0.0,1,111.148148
0.0,1,111.206147
0.0,1,111.253149
0.0,1,111.358152
0.0,1,111.395155
0.0,1,111.43115
0.0,1,111.462149
0.0,1,111.518152
0.0,1,111.571151
0.0,1,111.620151
0.0,1,111.658156
0.0,1,111.700147
0.0,1,111.732151
0.0,1,111.784164
0.0,1,111.882149
0.0,1,111.926153
0.0,1,111.981156
0.0,1,112.077154
0.0,1,112.146153
0.0,1,112.192152
0.0,1,112.226163
0.0,1,112.271159
0.0,1,112.304162
0.0,1,112.344152
0.0,1,112.381156
0.0,1,112.423156
0.0,1,112.453154
0.0,1,112.483156
0.0,1,112.516153
0.0,1,112.54816
0.0,1,112.579155
0.0,1,112.608193
0.0,1,112.63817
0.0,1,112.670158
0.0,1,112.699156
0.0,1,112.728154
0.0,1,112.756156
0.0,1,112.782168
0.0,1,112.812157
0.0,1,112.840155
0.0,1,112.866157
0.0,1,112.895155
0.0,1,112.929159
0.0,1,112.964168
0.0,1,112.994193
0.0,1,113.028188
0.0,1,113.05816
0.0,1,113.090157
0.0,1,113.124158
0.0,1,113.155157
0.0,1,113.182179
0.0,1,113.21016
0.0,1,113.240157
0.0,1,113.277162
0.0,1,113.307171
0.0,1,113.353158
0.0,1,113.386159
0.0,1,113.416178
0.0,1,113.458159
0.0,1,113.488162
0.0,1,113.57016
0.0,1,113.602163
0.0,1,113.631159
0.0,1,113.663162
0.0,1,113.69616
0.0,1,113.725193
0.0,1,113.754183
0.0,1,113.788165
0.0,1,113.815161
0.0,1,113.844193
0.0,1,113.873162
0.0,1,113.906162
0.0,1,113.934165
0.0,1,113.966161
0.0,1,113.995162
0.0,1,114.030162
0.0,1,114.057164
0.0,1,114.085167
0.0,1,114.115197
0.0,1,114.145165
0.0,1,114.173177
0.0,1,114.200163
0.0,1,114.232163
0.0,1,114.273164
0.0,1,114.300182
0.0,1,114.329163
0.0,1,114.366167
0.0,1,114.401167
0.0,1,114.4302
0.0,1,114.462165
0.0,1,114.490205
0.0,1,114.51817
0.0,1,114.546202
0.0,1,114.582165
0.0,1,114.609165
0.0,1,114.637169
0.0,1,114.66617
0.0,1,114.694165
0.0,1,114.722193
0.0,1,114.748168
0.0,1,114.779166
0.0,1,114.807166
0.0,1,114.834167
0.0,1,114.865193
0.0,1,114.896167
0.0,1,114.924167
0.0,1,114.952193
0.0,1,114.980167
0.0,1,115.011168
0.0,1,115.040169
0.0,1,115.067168
0.0,1,115.097168
0.0,1,115.128174
0.0,1,115.22717
0.0,1,115.258168
0.0,1,115.29017
0.0,1,115.332171
0.0,1,115.375208
0.0,1,115.41417
0.0,1,115.44817
0.0,1,115.47717
0.0,1,115.504169
0.0,1,115.532171
0.0,1,115.576206
0.0,1,115.61017
0.0,1,115.654175
0.0,1,115.695174
0.0,1,115.728175
0.0,1,115.762202
0.0,1,115.793172
0.0,1,115.822197
0.0,1,115.849176
0.0,1,115.884173
0.0,1,115.921174
0.0,1,115.955173
0.0,1,115.990212
0.0,1,116.025199
0.0,1,116.056176
0.0,1,116.086204
0.0,1,116.121211
0.0,1,116.154175
0.0,1,116.185176
0.0,1,116.218175
0.0,1,116.254176
0.0,1,116.28418
0.0,1,116.322204
0.0,1,116.354202
0.0,1,116.389178
0.0,1,116.430176
0.0,1,116.464189
0.0,1,116.494177
0.0,1,116.525181
0.0,1,116.560177
0.0,1,116.593211
0.0,1,116.623177
0.0,1,116.657177
0.0,1,116.69318
0.0,1,116.728212
0.0,1,116.760225
0.0,1,116.793183
0.0,1,116.825181
0.0,1,116.858205
0.0,1,116.889213
0.0,1,116.922204
0.0,1,117.000183
0.0,1,117.03118
0.0,1,117.059205
0.0,1,117.090179
0.0,1,117.12118
0.0,1,117.150187
0.0,1,117.184181
0.0,1,117.216181
0.0,1,117.244191
0.0,1,117.278183
0.0,1,117.308182
0.0,1,117.342196
0.0,1,117.372182
0.0,1,117.402183
0.0,1,117.437182
0.0,1,117.467183
0.0,1,117.499186
0.0,1,117.537183
0.0,1,117.5822
0.0,1,117.621217
0.0,1,117.649189
0.0,1,117.680184
0.0,1,117.711206
0.0,1,117.739209
0.0,1,117.770218
0.0,1,117.799212
0.0,1,117.827187
0.0,1,117.858197
0.0,1,117.893186
0.0,1,117.934193
0.0,1,117.966194
0.0,1,118.003188
0.0,1,118.033189
0.0,1,118.065192
0.0,1,118.095186
0.0,1,118.127186
0.0,1,118.1562
0.0,1,118.187216
0.0,1,118.220186
0.0,1,118.254229
0.0,1,118.282189
0.0,1,118.312211
0.0,1,118.343189
0.0,1,118.371187
0.0,1,118.424192
0.0,1,118.476192
0.0,1,118.540191
0.0,1,118.58519
0.0,1,118.682193
0.0,1,118.724192
0.0,1,118.766195
0.0,1,118.797191
0.0,1,118.823189
0.0,1,118.855191
0.0,1,118.886194
0.0,1,118.918192
0.0,1,118.946194
0.0,1,118.979196
0.0,1,119.024191
0.0,1,119.059191
0.0,1,119.090195
0.0,1,119.126192
0.0,1,119.157192
0.0,1,119.188195
0.0,1,119.219192
0.0,1,119.250206
0.0,1,119.279193
0.0,1,119.313213
0.0,1,119.349195
0.0,1,119.391196
0.0,1,119.426196
0.0,1,119.4692
0.0,1,119.508196
0.0,1,119.539194
0.0,1,119.570194
0.0,1,119.599195
0.0,1,119.626207
0.0,1,119.654197
0.0,1,119.685198
0.0,1,119.721214
0.0,1,119.750196
0.0,1,119.781213
0.0,1,119.815201
0.0,1,119.847231
0.0,1,119.886196
0.0,1,119.918231
0.0,1,119.949199
0.0,1,119.981198
0.0,1,120.0152
0.0,1,120.049198
0.0,1,120.081223
0.0,1,120.108223
0.0,1,120.139211
0.0,1,120.169208
0.0,1,120.203234
0.0,1,120.236208
0.0,1,120.304201
0.0,1,120.346201
0.0,1,120.377201
0.0,1,120.413204
0.0,1,120.439202
0.0,1,120.470227
0.0,1,120.497204
0.0,1,120.52721
0.0,1,120.5592
0.0,1,120.587201
0.0,1,120.616202
0.0,1,120.642229
0.0,1,120.686206
0.0,1,120.72922
0.0,1,120.763206
0.0,1,120.798208
0.0,1,120.830215
0.0,1,120.858236
0.0,1,120.891238
0.0,1,120.921205
0.0,1,120.952238
0.0,1,120.982206
0.0,1,121.039206
0.0,1,121.103207
0.0,1,121.168206
0.0,1,121.216208
0.0,1,121.269208
0.0,1,121.335215
0.0,1,121.388221
0.0,1,121.452209
0.0,1,121.525208
0.0,1,121.591208
0.0,1,121.645213
0.0,1,121.704208
0.0,1,121.764212
0.0,1,121.813211
0.0,1,121.880212
0.0,1,121.924209
0.0,1,121.968209
0.0,1,122.013214
0.0,1,122.093211
0.0,1,122.13421
0.0,1,122.254215
0.0,1,122.305212
0.0,1,122.340214
0.0,1,122.388214
0.0,1,122.439213
0.0,1,122.494215
0.0,1,122.534214
0.0,1,122.606216
0.0,1,122.645216
0.0,1,122.683214
0.0,1,122.728216
0.0,1,122.772213
0.0,1,122.815217
0.0,1,122.859216
0.0,1,122.922216
0.0,1,122.972217
0.0,1,123.026216
0.0,1,123.074217
0.0,1,123.123217
0.0,1,123.174216
0.0,1,123.20922
0.0,1,123.251218
0.0,1,123.288231
0.0,1,123.323218
0.0,1,123.357218
0.0,1,123.395222
0.0,1,123.427221
0.0,1,123.466218
0.0,1,123.501217
0.0,1,123.536217
0.0,1,123.570222
0.0,1,123.618226
0.0,1,123.654228
0.0,1,123.688234
0.0,1,123.719257
0.0,1,123.747253
0.0,1,123.778219
0.0,1,123.810239
0.0,1,123.839244
0.0,1,123.88222
0.0,1,123.925225
0.0,1,123.970221
0.0,1,124.004221
0.0,1,124.044224
0.0,1,124.080224
0.0,1,124.188222
0.0,1,124.219221
0.0,1,124.247228
0.0,1,124.288222
0.0,1,124.322251
0.0,1,124.355227
0.0,1,124.399223
0.0,1,124.433223
0.0,1,124.466223
0.0,1,124.503223
0.0,1,124.540227
0.0,1,124.57723
0.0,1,124.616226
0.0,1,124.651225
0.0,1,124.684229
0.0,1,124.721243
0.0,1,124.762236
0.0,1,124.798227
0.0,1,124.834225
0.0,1,124.869226
0.0,1,124.904227
0.0,1,124.945228
0.0,1,124.979263
0.0,1,125.01523
0.0,1,125.052227
0.0,1,125.087233
0.0,1,125.130228
0.0,1,125.16823
0.0,1,125.202228
0.0,1,125.233228
0.0,1,125.276244
0.0,1,125.31123
0.0,1,125.345237
0.0,1,125.394234
0.0,1,125.431242
0.0,1,125.462267
0.0,1,125.520247
0.0,1,125.570233
0.0,1,125.609249
0.0,1,125.642232
0.0,1,125.672235
0.0,1,125.703236
0.0,1,125.741235
0.0,1,125.787234
0.0,1,125.845233
0.0,1,125.881232
0.0,1,125.920233
0.0,1,125.969245
0.0,1,126.083234
0.0,1,126.116235
0.0,1,126.148237
0.0,1,126.186234
0.0,1,126.216234
0.0,1,126.252234
0.0,1,126.294236
0.0,1,126.32924
0.0,1,126.366239
0.0,1,126.404236
0.0,1,126.441236
0.0,1,126.470236
0.0,1,126.503237
0.0,1,126.531238
0.0,1,126.560236
0.0,1,126.595249
0.0,1,126.636237
0.0,1,126.669237
0.0,1,126.710263
0.0,1,126.741238
0.0,1,126.770237
0.0,1,126.799272
0.0,1,126.836237
0.0,1,126.869238
0.0,1,126.903239
0.0,1,126.93824
0.0,1,126.967241
0.0,1,127.003258
0.0,1,127.059257
0.0,1,127.108244
0.0,1,127.14724
0.0,1,127.18424
0.0,1,127.216239
0.0,1,127.246249
0.0,1,127.279243
0.0,1,127.310243
0.0,1,127.338243
0.0,1,127.368243
0.0,1,127.410242
0.0,1,127.442243
0.0,1,127.479244
0.0,1,127.517242
0.0,1,127.552243
0.0,1,127.585242
0.0,1,127.622244
0.0,1,127.653243
0.0,1,127.752246
0.0,1,127.782243
0.0,1,127.816243
0.0,1,127.86228
0.0,1,127.895245
0.0,1,127.927244
0.0,1,127.961272
0.0,1,127.992247
0.0,1,128.02325
0.0,1,128.053256
0.0,1,128.085271
0.0,1,128.114249
0.0,1,128.151281
0.0,1,128.184264
0.0,1,128.215282
0.0,1,128.244246
0.0,1,128.29128
0.0,1,128.326247
0.0,1,128.370249
0.0,1,128.410273
0.0,1,128.442266
0.0,1,128.471254
0.0,1,128.509254
0.0,1,128.54625
0.0,1,128.580248
0.0,1,128.614249
0.0,1,128.652248
0.0,1,128.689265
0.0,1,128.727259
0.0,1,128.768249
0.0,1,128.801252
0.0,1,128.835249
0.0,1,128.881251
0.0,1,128.913249
0.0,1,128.945252
0.0,1,128.983291
0.0,1,129.01525
0.0,1,129.047251
0.0,1,129.08229
0.0,1,129.114287
0.0,1,129.151253
0.0,1,129.186255
0.0,1,129.224255
0.0,1,129.257281
0.0,1,129.294261
0.0,1,129.327288
0.0,1,129.372258
0.0,1,129.463256
0.0,1,129.494253
0.0,1,129.524277
0.0,1,129.555258
0.0,1,129.58627
0.0,1,129.623257
0.0,1,129.659256
0.0,1,129.69126
0.0,1,129.72426
0.0,1,129.761291
0.0,1,129.799289
0.0,1,129.835259
0.0,1,129.881284
0.0,1,129.916267
0.0,1,129.947257
0.0,1,129.98526
0.0,1,130.015256
0.0,1,130.046257
0.0,1,130.079261
0.0,1,130.108291
0.0,1,130.137264
0.0,1,130.166298
0.0,1,130.204262
0.0,1,130.237261
0.0,1,130.275258
0.0,1,130.315259
0.0,1,130.348294
0.0,1,130.381274
0.0,1,130.416296
0.0,1,130.44826
0.0,1,130.482268
0.0,1,130.509286
0.0,1,130.542261
0.0,1,130.57326
0.0,1,130.606275
0.0,1,130.65026
0.0,1,130.690279
0.0,1,130.729263
0.0,1,130.76626
0.0,1,130.799263
0.0,1,130.830295
0.0,1,130.864295
0.0,1,130.894296
0.0,1,130.927295
0.0,1,130.966263
0.0,1,131.012267
0.0,1,131.046266
0.0,1,131.087271
0.0,1,131.1293
0.0,1,131.17027
0.0,1,131.305269
0.0,1,131.348264
0.0,1,131.380263
0.0,1,131.411281
0.0,1,131.445265
0.0,1,131.480265
0.0,1,131.511267
0.0,1,131.545301
0.0,1,131.576301
0.0,1,131.610272
0.0,1,131.6483
0.0,1,131.686276
0.0,1,131.722277
0.0,1,131.757271
0.0,1,131.788271
0.0,1,131.823267
0.0,1,131.856266
0.0,1,131.894269
0.0,1,131.927269
0.0,1,131.960268
0.0,1,131.99927
0.0,1,132.029271
0.0,1,132.06027
0.0,1,132.092272
0.0,1,132.120268
0.0,1,132.156269
0.0,1,132.189306
0.0,1,132.22127
0.0,1,132.248304
0.0,1,132.286278
0.0,1,132.31827
0.0,1,132.346271
0.0,1,132.37527
0.0,1,132.40527
0.0,1,132.437275
0.0,1,132.48029
0.0,1,132.524275
0.0,1,132.573272
0.0,1,132.630274
0.0,1,132.676274
0.0,1,132.713275
0.0,1,132.775275
0.0,1,132.816281
0.0,1,132.852279
0.0,1,132.895274
0.0,1,132.936295
0.0,1,132.983283
0.0,1,133.037277
0.0,1,133.140279
0.0,1,133.198278
0.0,1,133.282281
0.0,1,133.343279
0.0,1,133.399294
0.0,1,133.442275
0.0,1,133.477278
0.0,1,133.535293
0.0,1,133.574277
0.0,1,133.622281
0.0,1,133.668283
0.0,1,133.71428
0.0,1,133.771283
0.0,1,133.809285
0.0,1,133.851283
0.0,1,133.893284
0.0,1,133.953285
0.0,1,134.004282
0.0,1,134.057281
0.0,1,134.103288
0.0,1,134.141284
0.0,1,134.195285
0.0,1,134.239283
0.0,1,134.280284
0.0,1,134.315292
0.0,1,134.350288
0.0,1,134.391302
0.0,1,134.434285
0.0,1,134.478283
0.0,1,134.516287
0.0,1,134.559285
0.0,1,134.606296
0.0,1,134.648287
0.0,1,134.703285
0.0,1,134.756287
0.0,1,134.808288
0.0,1,134.859286
0.0,1,134.901289
0.0,1,134.940289
0.0,1,134.981287
0.0,1,135.014288
0.0,1,135.06929
0.0,1,135.12729
0.0,1,135.168287
0.0,1,135.299292
0.0,1,135.341287
0.0,1,135.38229
0.0,1,135.42929
0.0,1,135.489293
0.0,1,135.546291
0.0,1,135.623293
0.0,1,135.673291
0.0,1,135.723293
0.0,1,135.771292
0.0,1,135.809291
0.0,1,135.857295
0.0,1,135.904291
0.0,1,135.956294
0.0,1,135.998297
0.0,1,136.043296
0.0,1,136.103297
0.0,1,136.153295
0.0,1,136.199301
0.0,1,136.235296
0.0,1,136.279298
0.0,1,136.316295
0.0,1,136.353314
0.0,1,136.39231
0.0,1,136.423295
0.0,1,136.454297
0.0,1,136.486297
0.0,1,136.521295
0.0,1,136.552297
0.0,1,136.588302
0.0,1,136.631304
0.0,1,136.665306
0.0,1,136.701297
0.0,1,136.742303
0.0,1,136.774297
0.0,1,136.806296
0.0,1,136.840297
0.0,1,136.873298
0.0,1,136.905298
0.0,1,136.940306
0.0,1,136.9743
0.0,1,137.003302
0.0,1,137.032299
0.0,1,137.071306
0.0,1,137.100333
0.0,1,137.134298
0.0,1,137.175317
0.0,1,137.267302
0.0,1,137.306305
0.0,1,137.343309
0.0,1,137.3783
0.0,1,137.406306
0.0,1,137.438334
0.0,1,137.483318
0.0,1,137.514305
0.0,1,137.544307
0.0,1,137.581306
0.0,1,137.619336
0.0,1,137.657313
0.0,1,137.704306
0.0,1,137.741302
0.0,1,137.777315
0.0,1,137.828312
0.0,1,137.873303
0.0,1,137.920304
0.0,1,137.962304
0.0,1,138.006304
0.0,1,138.051308
0.0,1,138.091305
0.0,1,138.136305
0.0,1,138.174305
0.0,1,138.214309
0.0,1,138.26831
0.0,1,138.333308
0.0,1,138.374307
0.0,1,138.41831
0.0,1,138.455307
0.0,1,138.492307
0.0,1,138.523306
0.0,1,138.554307
0.0,1,138.585307
0.0,1,138.618307
0.0,1,138.648307
0.0,1,138.691309
0.0,1,138.729309
0.0,1,138.761313
0.0,1,138.798319
0.0,1,138.829327
0.0,1,138.858308
0.0,1,138.888319
0.0,1,138.918326
0.0,1,138.949308
0.0,1,138.99031
0.0,1,139.032313
0.0,1,139.071351
0.0,1,139.148328
0.0,1,139.179312
0.0,1,139.209313
0.0,1,139.237354
0.0,1,139.269313
0.0,1,139.29831
0.0,1,139.326334
0.0,1,139.353333
0.0,1,139.389311
0.0,1,139.416337
0.0,1,139.444312
0.0,1,139.471337
0.0,1,139.502312
0.0,1,139.532321
0.0,1,139.559312
0.0,1,139.588312
0.0,1,139.620315
0.0,1,139.653349
0.0,1,139.702318
0.0,1,139.746326
0.0,1,139.783315
0.0,1,139.823316
0.0,1,139.862334
0.0,1,139.904315
0.0,1,139.940316
0.0,1,139.972318
0.0,1,140.004317
0.0,1,140.034316
0.0,1,140.072318
0.0,1,140.108318
0.0,1,140.143317
0.0,1,140.180329
0.0,1,140.210317
0.0,1,140.237319
0.0,1,140.271318
0.0,1,140.29932
0.0,1,140.327329
0.0,1,140.355317
0.0,1,140.391318
0.0,1,140.421317
0.0,1,140.455325
0.0,1,140.497326
0.0,1,140.53632
0.0,1,140.58332
0.0,1,140.626321
0.0,1,140.659342
0.0,1,140.689334
0.0,1,140.727321
0.0,1,140.821328
0.0,1,140.856321
0.0,1,140.887323
0.0,1,140.918321
0.0,1,140.94932
0.0,1,140.981321
0.0,1,141.012323
0.0,1,141.045321
0.0,1,141.074337
0.0,1,141.105322
0.0,1,141.140325
0.0,1,141.173333
0.0,1,141.203322
0.0,1,141.233348
0.0,1,141.266347
0.0,1,141.296323
0.0,1,141.324343
0.0,1,141.353329
0.0,1,141.385326
0.0,1,141.415358
0.0,1,141.449324
0.0,1,141.482346
0.0,1,141.511325
0.0,1,141.539327
0.0,1,141.569328
0.0,1,141.602324
0.0,1,141.631324
0.0,1,141.66134
0.0,1,141.688326
0.0,1,141.722325
0.0,1,141.755358
0.0,1,141.784325
0.0,1,141.816349
0.0,1,141.845328
0.0,1,141.872326
0.0,1,141.900326
0.0,1,141.931359
0.0,1,141.960328
0.0,1,141.988327
0.0,1,142.017327
0.0,1,142.05333
0.0,1,142.082327
0.0,1,142.113363
0.0,1,142.142329
0.0,1,142.17233
0.0,1,142.201366
0.0,1,142.231329
0.0,1,142.26433
0.0,1,142.293329
0.0,1,142.349355
0.0,1,142.538851
0.0,1,142.569849
0.0,1,142.602847
0.0,1,142.633847
0.0,1,142.668849
0.0,1,142.699848
0.0,1,142.732848
0.0,1,142.761867
0.0,1,142.788849
0.0,1,142.817849
0.0,1,142.857851
0.0,1,142.885885
0.0,1,142.914849
0.0,1,142.94285
0.0,1,142.972852
0.0,1,143.001856
0.0,1,143.03085
0.0,1,143.059854
0.0,1,143.093853
0.0,1,143.126851
0.0,1,143.164851
0.0,1,143.198876
0.0,1,143.230851
0.0,1,143.261863
0.0,1,143.295889
0.0,1,143.325862
0.0,1,143.352851
0.0,1,143.382852
0.0,1,143.414884
0.0,1,143.445854
0.0,1,143.477887
0.0,1,143.513853
0.0,1,143.545857
0.0,1,143.574857
0.0,1,143.603875
0.0,1,143.634854
0.0,1,143.666854
0.0,1,143.698854
0.0,1,143.731854
0.0,1,143.760854
0.0,1,143.792859
0.0,1,143.821856
0.0,1,143.851892
0.0,1,143.880856
0.0,1,143.909855
0.0,1,143.935855
